ReadDate,Avg Daily Demand (cfs),Avg Daily Demand (af),Avg Daily Demand (mgd),Max Daily Demand (cfs),Max Daily Demand (af),Max Daily Demand (mgd),Min Daily Demand (cfs),Min Daily Demand (af),Max Daily Demand (mgd)
1/1/2021,69.716401,138.2796369,45.05888746,109.252148,216.697178,70.61150849,56.715974,112.4938204,36.65649191
1/2/2021,74.683495,148.1316652,48.2692042,95.934606,190.2823768,62.00415616,57.277464,113.6075129,37.01939238
1/3/2021,81.736623,162.1212568,52.82775995,94.427309,187.2927147,61.02996466,68.335049,135.5397816,44.16609633
1/4/2021,84.445753,167.4947057,54.57871643,96.587676,191.5777145,62.42624634,63.166698,125.2885683,40.82570378
1/5/2021,74.257842,147.2873999,47.99409748,83.810707,166.2351178,54.16827547,53.112838,105.3471472,34.32772426
1/6/2021,78.218072,155.1423545,50.55366101,100.332425,199.0052714,64.84654086,58.950364,116.9256418,38.10061591
1/7/2021,74.913287,148.5874483,48.41772265,88.868839,176.2677163,57.43743161,63.981467,126.9046293,41.35230275
1/8/2021,69.721138,138.2890326,45.06194906,90.093484,178.6967497,58.22894036,46.990269,93.20328134,30.37060451
1/9/2021,79.315014,157.3180942,51.26263315,99.046669,196.4550268,64.01553504,60.141431,119.2880746,38.87042263
1/10/2021,80.737616,160.1397672,52.18208485,91.825913,182.1329519,59.34863848,64.027584,126.9961005,41.38210895
1/11/2021,75.181368,149.119176,48.59098793,95.585594,189.5901258,61.77858381,45.111861,89.47753572,29.15655769
1/12/2021,79.202282,157.0944949,51.18977256,89.923783,178.3601547,58.11925974,62.929368,124.8178339,40.6723134
1/13/2021,78.224553,155.1552093,50.55784979,100.501353,199.3403332,64.95572188,60.659631,120.3159032,39.20534404
1/14/2021,69.485017,137.8206962,44.90934007,90.760125,180.0190049,58.6598017,48.488499,96.17495942,31.33893586
1/15/2021,69.136945,137.1303096,44.68437526,91.45471,181.3966859,59.10872372,41.385578,82.08660542,26.74819805
1/16/2021,68.635336,136.1353886,44.36017689,78.665293,156.0293991,50.8427075,54.659501,108.4148901,35.32735868
1/17/2021,79.215444,157.1206012,51.19827938,96.813301,192.0252325,62.57207158,53.252322,105.623808,34.41787512
1/18/2021,81.160416,160.9783738,52.45534764,96.30248,191.0120399,62.24191934,59.44742,117.9115321,38.42187159
1/19/2021,75.286112,149.3269315,48.65868575,88.215419,174.9716844,57.01511523,54.551098,108.1998772,35.25729599
1/20/2021,74.001394,146.7787457,47.8283508,93.416161,185.2871439,60.37644262,58.440139,115.9136313,37.77084887
1/21/2021,71.240414,141.3024545,46.0438828,85.794888,170.1706599,55.45068516,50.330315,99.82812631,32.52933265
1/22/2021,75.176518,149.1095562,48.58785329,96.748283,191.896272,62.53004935,39.836499,79.01407043,25.74700213
1/23/2021,71.674196,142.1628434,46.32424343,85.69146,169.9655147,55.3838379,45.309618,89.86977866,29.28437138
1/24/2021,73.87843,146.5348516,47.74887709,97.36381,193.1171447,62.92787485,47.634326,94.48074213,30.78686942
1/25/2021,77.232487,153.1874869,49.91666078,89.225829,176.9757914,57.66816028,60.337786,119.6775367,38.99733018
1/26/2021,69.331441,137.5160845,44.81008131,85.161475,168.914311,55.04129964,53.159712,105.4401198,34.35801972
1/27/2021,69.256876,137.3681878,44.76188869,86.904107,172.3707505,56.16759214,52.311587,103.7578985,33.8098622
1/28/2021,70.118873,139.0779237,45.31901191,105.366222,208.9896024,68.09996888,42.90207,85.09450543,27.72833244
1/29/2021,79.918187,158.5144632,51.65247405,96.213046,190.8346512,62.18411664,52.903794,104.9325169,34.19261559
1/30/2021,71.420632,141.6599096,46.16036073,91.997232,182.4727562,59.45936485,40.076993,79.49108046,25.90243746
1/31/2021,82.335367,163.3088411,53.21473831,101.523642,201.3680017,65.61644453,65.3426,129.6043811,42.232026
2/1/2021,81.169818,160.9970222,52.46142431,95.902787,190.2192652,61.98359101,70.433844,139.7026559,45.52258298
2/2/2021,62.44745,123.8619692,40.36084165,74.596455,147.9590249,48.21294878,49.661752,98.50205888,32.09722909
2/3/2021,73.669301,146.1200528,47.61371349,95.001799,188.4321922,61.40126725,41.070876,81.46240684,26.54480083
2/4/2021,73.512746,145.8095323,47.51252935,99.170858,196.7013506,64.09580049,40.924515,81.17210577,26.45020525
2/5/2021,73.156733,145.1033951,47.28243213,87.810601,174.1687444,56.75347452,55.064082,109.21736,35.58884621
2/6/2021,81.79778,162.2425593,52.86728675,97.527911,193.4426323,63.0339361,60.337878,119.6777192,38.99738964
2/7/2021,78.755654,156.2086265,50.90110934,95.615859,189.6501552,61.79814459,54.467203,108.0334749,35.20307323
2/8/2021,85.770312,170.1219144,55.43480128,103.789427,205.8620938,67.08085964,62.904156,124.7678269,40.65601845
2/9/2021,69.655924,138.1596833,45.01980015,87.18589,172.9296556,56.34971325,55.205717,109.4982873,35.6803873
2/10/2021,67.606199,134.0941374,43.69502826,91.82067,182.1225526,59.34524984,44.04622,87.36388027,28.46781591
2/11/2021,75.406413,149.5655436,48.73643831,82.616978,163.8674051,53.39674826,61.526778,122.0358539,39.76579579
2/12/2021,78.091351,154.8910086,50.47175909,92.424393,183.3200126,59.73544622,64.601705,128.1348461,41.75317304
2/13/2021,72.71908,144.2353282,46.99956961,87.86899,174.2845566,56.79121232,56.620541,112.3045329,36.59481195
2/14/2021,73.066321,144.9240666,47.22399733,85.461602,169.5096007,55.23527679,55.0781,109.2451641,35.59790628
2/15/2021,79.05258,156.7975671,51.09301763,101.684904,201.6878583,65.72067088,60.913985,120.8204039,39.36973732
2/16/2021,80.274649,159.2214911,51.88286146,101.54332,201.4070322,65.62916275,44.578256,88.41915197,28.81167977
2/17/2021,67.884266,134.6456719,43.87474766,87.410929,173.3760113,56.49515976,38.368882,76.10311198,24.79845648
2/18/2021,63.619574,126.1868293,41.11840519,77.303195,153.3277333,49.96236056,42.137833,83.57867252,27.23439316
2/19/2021,63.121928,125.1997688,40.79676818,74.280807,147.33295,48.00894014,55.025141,109.1401221,35.56367799
2/20/2021,80.314275,159.3000876,51.90847242,104.960072,208.1840204,67.83746728,53.002613,105.1285204,34.25648398
2/21/2021,79.738786,158.1586287,51.53652416,97.651832,193.6884245,63.11402833,51.83094,102.8045548,33.49921193
2/22/2021,73.119559,145.029662,47.25840595,94.066245,186.576559,60.79660289,50.720965,100.6029646,32.78181634
2/23/2021,68.128265,135.129634,44.03244834,91.377244,181.2430353,59.05865613,46.225208,91.68581407,29.87613266
2/24/2021,73.655601,146.0928794,47.60485895,93.547253,185.5471596,60.4611696,53.21637,105.5524987,34.39463874
2/25/2021,76.135633,151.0119217,49.20774552,95.848178,190.1109504,61.94829629,47.637261,94.48656358,30.78876636
2/26/2021,67.127556,133.1447685,43.38567321,86.40407,171.3789475,55.84440978,49.471644,98.12498742,31.97435908
2/27/2021,79.450785,157.5873904,51.35038425,96.58712,191.5766117,62.42588698,57.631066,114.308868,37.24793133
2/28/2021,81.839692,162.32569,52.89437519,97.573677,193.5334073,63.06351543,63.554918,126.0585868,41.07661693
3/1/2021,88.218609,174.9780116,57.01717698,277.196161,549.8072757,179.1565606,66.079752,131.066492,42.70845978
3/2/2021,68.24318,135.3575632,44.10671984,83.077685,164.7811986,53.69451097,54.371265,107.8431858,35.14106688
3/3/2021,77.250182,153.2225842,49.92809736,109.457162,217.1038149,70.7440125,57.522414,114.0933612,37.1777077
3/4/2021,68.824992,136.5115636,44.48275476,91.174512,180.8409246,58.92762702,45.887467,91.01591857,29.65784495
3/5/2021,84.264266,167.1347336,54.46141831,97.703854,193.7916081,63.14765103,68.500545,135.8680362,44.27305919
3/6/2021,77.561783,153.840632,50.12949035,96.405539,191.2164532,62.30852812,54.321091,107.7436677,35.10863858
3/7/2021,85.948305,170.4749563,55.54984116,114.042882,226.1994035,73.70784079,48.515843,96.22919513,31.35660875
3/8/2021,74.184795,147.1425141,47.94688597,90.871629,180.2401685,58.73186862,55.585015,110.2506094,35.92553401
3/9/2021,66.82544,132.5455337,43.19041053,87.191573,172.9409276,56.35338627,49.4374,98.05706584,31.9522266
3/10/2021,69.42901,137.7096086,44.8731418,88.130415,174.8030824,56.96017571,44.658248,88.57781284,28.86337995
3/11/2021,70.547724,139.9285322,45.59618555,98.059795,194.4976025,63.37770171,47.784169,94.7779496,30.88371548
3/12/2021,66.329865,131.5625809,42.87011204,83.948662,166.5087459,54.25743812,49.376492,97.93625731,31.91286073
3/13/2021,74.657472,148.0800497,48.2523851,96.978114,192.3521324,62.67859301,44.079758,87.43040153,28.48949209
3/14/2021,74.519479,147.8063462,48.16319789,93.867615,186.1825845,60.66822497,44.118424,87.50709396,28.51448258
3/15/2021,78.474327,155.6506258,50.71928295,112.265023,222.6730927,72.55878049,59.683776,118.3803346,38.57463247
3/16/2021,59.985182,118.9781611,38.76943626,72.172291,143.1507945,46.64617064,45.563386,90.37311713,29.44838592
3/17/2021,63.790803,126.5264551,41.22907339,92.840476,184.1452962,60.00436769,39.260342,77.87128652,25.37462213
3/18/2021,78.272901,155.2511056,50.58909792,91.955092,182.3891732,59.43212905,56.628502,112.3203233,36.59995728
3/19/2021,80.677177,160.0198889,52.14302211,107.755734,213.7291019,69.64435085,39.16242,77.67706223,25.31133349
3/20/2021,71.366148,141.5518428,46.12514681,86.685424,171.9370017,56.02625362,41.31602,81.94863996,26.70324154
3/21/2021,72.980961,144.7547585,47.16882772,89.755041,178.0254618,58.01019893,48.969756,97.12951304,31.64998039
3/22/2021,79.208162,157.1061576,51.1935729,96.416082,191.2373648,62.31534224,55.433866,109.9508115,35.82784386
3/23/2021,73.846468,146.4714563,47.72821951,108.150183,214.5114754,69.8992899,45.426935,90.10247214,29.36019534
3/24/2021,60.063856,119.1342078,38.82028459,71.777946,142.3686273,46.39129881,38.288777,75.94422699,24.74668326
3/25/2021,72.173432,143.1530577,46.64690809,106.546677,211.3309867,68.86291689,48.195715,95.5942343,31.14970462
3/26/2021,71.303976,141.4285272,46.08496399,86.470924,171.5115497,55.88761865,56.580915,112.2259364,36.569201
3/27/2021,73.913307,146.6040287,47.77141869,87.930631,174.406819,56.83105194,53.225968,105.5715359,34.40084209
3/28/2021,73.364902,145.5162898,47.41697527,87.829487,174.206204,56.76568086,59.252241,117.5244025,38.29572411
3/29/2021,78.359154,155.4221849,50.64484469,97.249994,192.8913953,62.85431365,65.143771,129.2100119,42.10351946
3/30/2021,68.532634,135.9316834,44.29379885,83.127661,164.880324,53.72681131,54.141011,107.3864863,34.99224983
3/31/2021,65.997566,130.9034794,42.65534158,80.017843,158.7121268,51.71688341,51.953953,103.048546,33.57871731
4/1/2021,78.480045,155.6619672,50.72297859,116.149541,230.3778756,75.06941008,48.532107,96.26145411,31.36712045
4/2/2021,82.120273,162.882211,53.07571943,100.368268,199.0763645,64.8697068,53.745467,106.601941,34.73660307
4/3/2021,78.128577,154.9648448,50.49581888,94.174039,186.790364,60.86627198,58.002953,115.0464907,37.48828818
4/4/2021,95.095148,188.6173461,61.46160028,118.123977,234.2940889,76.34552141,71.424556,141.6676927,46.16289688
4/5/2021,102.022862,202.3581842,65.93909885,120.140466,238.2937125,77.64881231,62.694793,124.3525639,40.52070361
4/6/2021,75.390264,149.5335127,48.72600094,113.685729,225.4910051,73.47700677,51.521813,102.191414,33.29941793
4/7/2021,75.897987,150.5405606,49.05415089,97.694366,193.772789,63.14151877,50.772796,100.7057693,32.81531559
4/8/2021,87.337746,173.2308558,56.44786035,111.715486,221.5831085,72.20360544,64.009936,126.9610964,41.37070275
4/9/2021,92.288287,183.0500519,59.64747861,113.235606,224.5982045,73.18608467,67.889501,134.6560553,43.87813113
4/10/2021,92.281876,183.0373359,59.64333507,128.750769,255.3718972,83.21379657,54.593582,108.2841425,35.28475412
4/11/2021,106.442263,211.1238858,68.79543235,126.2897,250.4904673,81.6231661,85.678272,169.9393568,55.37531427
4/12/2021,99.180533,196.7205406,64.10205361,112.717906,223.5713676,72.85148642,84.236293,167.0792503,54.44333889
4/13/2021,79.703678,158.0889934,51.51383326,104.49491,207.2613906,67.53682522,52.046188,103.2314904,33.63833035
4/14/2021,91.404557,181.2972095,59.07630898,117.749055,233.5504464,76.10320299,64.862933,128.6529812,41.92200911
4/15/2021,79.479318,157.6439845,51.36882561,101.59312,201.5058085,65.66134933,62.628267,124.2206123,40.47770673
4/16/2021,82.77091,164.1727229,53.49623711,99.033589,196.4290832,64.00708122,58.22567,115.4882408,37.63223393
4/17/2021,80.056055,158.7879188,51.74158047,95.859406,190.1332207,61.95555313,56.920452,112.8993942,36.7886495
4/18/2021,83.769369,166.1531256,54.14155802,101.101158,200.5300219,65.34338598,68.512878,135.8924982,44.28103021
4/19/2021,101.347456,201.018544,65.50257254,125.519882,248.9635647,81.12561973,84.806501,168.2102346,54.81187395
4/20/2021,98.077559,194.5328367,63.38918288,120.69956,239.4026527,78.01016421,80.486389,159.6414687,52.0197126
4/21/2021,93.239412,184.9365695,60.26220676,108.056407,214.3254745,69.83868088,76.835332,152.3997461,49.6599728
4/22/2021,100.652583,199.6402917,65.05346438,130.518523,258.8781652,84.35632583,80.325844,159.3230343,51.91594966
4/23/2021,113.867741,225.8520184,73.5946442,141.061189,279.789113,91.17022893,96.741794,191.8834013,62.5258554
4/24/2021,104.593828,207.4575904,67.60075759,127.908802,253.70189,82.66961907,89.839165,178.1923183,58.0645697
4/25/2021,105.654987,209.562356,68.28660258,122.600556,243.1732007,79.23881003,87.421557,173.3970915,56.50202881
4/26/2021,102.055844,202.4236027,65.96041567,113.747489,225.6135035,73.5169233,84.215669,167.0383434,54.43000925
4/27/2021,106.663863,211.5634203,68.93865618,127.787141,253.4605804,82.59098751,76.17868,151.0973037,49.23556752
4/28/2021,95.967574,190.3477675,62.02546394,175.601291,348.2979961,113.4940802,29.296246,58.10790865,18.93465859
4/29/2021,96.51954,191.4425696,62.38220889,175.241088,347.5835482,113.2612749,8.197238,16.25888712,5.298013368
4/30/2021,123.091761,244.1474858,79.55628412,162.336821,321.9884611,104.9210292,75.2792,149.3132218,48.6542184
5/1/2021,152.042276,301.5696511,98.26749093,194.235269,385.2577312,125.5375349,125.70128,249.3233602,81.24286032
5/2/2021,142.659157,282.9586174,92.20302264,177.246664,351.5615263,114.5575126,121.006218,240.0108963,78.20836245
5/3/2021,138.411334,274.5332338,89.45758289,168.435748,334.0854339,108.8628688,109.396265,216.9830282,70.70465374
5/4/2021,150.887512,299.2792238,97.52114745,169.75955,336.7111412,109.7184644,121.760137,241.5062639,78.69563303
5/5/2021,157.898594,313.1854189,102.0525282,207.358829,411.287777,134.0195134,130.769497,259.3759619,84.51853457
5/6/2021,177.455572,351.9758868,114.6925334,216.118117,428.6614674,139.6807892,146.195553,289.9729146,94.4886551
5/7/2021,182.645236,362.2693736,118.0467008,212.79346,422.0671459,137.5320072,144.343688,286.2998159,93.29176348
5/8/2021,159.411916,316.1870313,103.0306137,207.554896,411.6766679,134.1462348,125.576523,249.0759098,81.16222776
5/9/2021,177.578145,352.2190054,114.7717544,207.326876,411.2243995,133.9988616,139.78076,277.2494344,90.34266604
5/10/2021,157.84277,313.0746943,102.0164482,220.103659,436.5666273,142.2567123,107.289491,212.804328,69.34301012
5/11/2021,157.430611,312.2571937,101.7500628,204.064754,404.7541137,131.8904971,116.014385,230.1097992,74.98205647
5/12/2021,177.393086,351.8519484,114.6521476,246.242941,488.4128267,159.1509717,128.830388,255.5298183,83.26525567
5/13/2021,209.113574,414.7682421,135.1536347,257.957306,511.6477917,166.7221637,177.286865,351.6412634,114.5834952
5/14/2021,210.581098,417.6790161,136.1021203,260.441466,516.5750217,168.3277183,156.29286,310.000511,101.0147152
5/15/2021,215.102818,426.6476632,139.0245843,270.018821,535.5713146,174.5177245,179.156107,355.3488286,115.7916178
5/16/2021,209.323385,415.1843937,135.2892391,281.628442,558.5985242,182.0212187,162.975163,323.2545864,105.3336004
5/17/2021,206.271627,409.1313562,133.3168364,274.337563,544.1373632,177.3090004,148.83569,295.2095186,96.19502024
5/18/2021,216.56181,429.5415143,139.9675555,281.204331,557.7573173,181.7471086,158.976656,315.3237109,102.7492978
5/19/2021,221.880795,440.0915041,143.4053053,274.402994,544.2671429,177.3512896,150.380763,298.2741078,97.19362701
5/20/2021,223.562297,443.4266947,144.4920885,300.194656,595.4238521,194.0208764,151.521731,300.5371713,97.9310539
5/21/2021,210.819834,418.1525392,136.2564194,278.476678,552.3471289,179.9841804,154.463815,306.3726749,99.83257248
5/22/2021,199.895754,396.4850723,129.196002,269.970149,535.4747757,174.486267,142.735981,283.1109946,92.25267529
5/23/2021,179.587966,356.2054033,116.0707356,257.586367,510.9120493,166.4824195,123.652841,245.260365,79.9189196
5/24/2021,171.568517,340.2991534,110.8876303,226.47674,449.2073735,146.3757422,128.545096,254.9639532,83.08086663
5/25/2021,184.708039,366.3608592,119.3799253,233.524904,463.1871192,150.9310896,141.837069,281.3280394,91.67169328
5/26/2021,214.519052,425.4897872,138.6472865,267.475781,530.5272985,172.8741148,153.730383,304.9179424,99.35854299
5/27/2021,219.352372,435.0764802,141.7711428,308.406264,611.7112416,199.3281773,138.620972,274.9490422,89.59307547
5/28/2021,232.037007,460.2359362,149.9694367,311.570821,617.9880113,201.3734839,162.710822,322.7302768,105.1627524
5/29/2021,225.768643,447.802892,145.9180871,311.792917,618.4285296,201.5170283,154.035404,305.5229391,99.55568322
5/30/2021,224.063795,444.4213955,144.8162151,274.091932,543.6501641,177.150245,169.058139,335.3199211,109.2651306
5/31/2021,234.461629,465.045075,151.5365108,299.956488,594.9514556,193.8669444,176.393133,349.8685824,114.0058611
6/1/2021,244.45172,484.8600129,157.9932754,314.385195,623.5702073,203.1924614,179.290803,355.6159926,115.8786741
6/2/2021,253.202497,502.2168221,163.6490503,329.464323,653.4790424,212.9383565,179.909309,356.842774,116.278425
6/3/2021,252.006874,499.8453526,162.876299,331.423871,657.3657259,214.2048455,178.941726,354.9236126,115.6530598
6/4/2021,261.523297,518.7207894,169.0269239,343.898117,682.1078839,222.2671614,166.4104,330.0682388,107.5538521
6/5/2021,252.022472,499.8762906,162.8863802,328.934472,652.4281046,212.5959049,156.285187,309.9852919,101.009756
6/6/2021,257.319319,510.3823705,166.3098219,343.943665,682.1982265,222.2965998,171.146789,339.4626731,110.6150603
6/7/2021,262.561832,520.7806812,169.6981466,345.628201,685.5394349,223.3853439,176.956659,350.9863132,114.3700775
6/8/2021,259.835733,515.373575,167.9362228,345.342798,684.9733497,223.2008831,182.139797,361.266856,117.7200271
6/9/2021,263.279391,522.2039302,170.1619171,343.393264,681.1065286,221.9408663,187.601102,372.0991316,121.2497607
6/10/2021,239.880499,475.7931826,155.038818,336.328185,667.0932327,217.3745864,134.788405,267.3473019,87.11602269
6/11/2021,256.246714,508.2549023,165.6165792,353.112353,700.3839451,228.2224777,174.853021,346.8138331,113.0104607
6/12/2021,247.133938,490.1800829,159.7268381,330.53559,655.6038568,213.6307345,170.750415,338.6764815,110.3588771
6/13/2021,246.336991,488.599371,159.2117578,331.281441,657.0832218,214.1127906,156.598098,310.6059381,101.2119956
6/14/2021,275.584276,546.6101675,178.1147721,378.22588,750.1956012,244.4537744,183.638998,364.24046,118.688986
6/15/2021,282.793683,560.9097322,182.7743336,379.430291,752.5845013,245.2322055,179.170129,355.3766407,115.8006805
6/16/2021,278.574167,552.5404943,180.0471892,386.098314,765.8102529,249.5418614,194.57221,385.9260399,125.7553056
6/17/2021,267.358978,530.2956245,172.7986231,371.702746,737.2572311,240.2377627,168.15265,333.5239206,108.6798977
6/18/2021,271.181111,537.8766694,175.2689322,375.321475,744.4348324,242.5766084,163.126486,323.5547294,105.4314031
6/19/2021,257.397335,510.5371121,166.360245,339.625575,673.6334712,219.5057453,165.595232,328.4513863,107.0269953
6/20/2021,251.674141,499.1853903,162.661248,347.828135,689.9029143,224.8071984,174.558521,346.2297044,112.8201204
6/21/2021,274.730215,544.9161724,177.5627781,379.214726,752.1569369,245.0928822,165.611298,328.4832526,107.037379
6/22/2021,268.752834,533.060281,173.6994958,373.007084,739.8443323,241.0807784,164.546761,326.3717869,106.3493508
6/23/2021,271.905968,539.3143937,175.7374195,385.900557,765.4180099,249.4140477,156.438785,310.2899473,101.1090289
6/24/2021,229.596367,455.3950263,148.3920098,364.270741,722.5161524,235.4343323,128.223581,254.3262414,82.87306606
6/25/2021,215.411002,427.2589336,139.2237688,320.848455,636.3898198,207.3697755,129.309742,256.4805974,83.57507026
6/26/2021,229.796311,455.7916071,148.521237,299.669436,594.3820997,193.6814178,155.509869,308.4474803,100.5086548
6/27/2021,233.223325,462.5889496,150.736174,322.031031,638.735411,208.1340943,148.378522,294.3027445,95.89954484
6/28/2021,262.866765,521.3855033,169.89523,355.084774,704.2961617,229.4972867,174.587766,346.2877106,112.8390219
6/29/2021,250.63814,497.1305246,161.9916631,352.712093,699.5900457,227.9637829,163.479618,324.2551523,105.6596382
6/30/2021,250.462565,496.7822787,161.878186,347.707867,689.6643676,224.7294671,161.162012,319.6582753,104.1617303
7/1/2021,246.133331,488.1954197,159.0801289,358.274173,710.6222044,231.5586492,157.384844,312.1664167,101.7204829
7/2/2021,259.135966,513.9856157,167.4839516,376.685179,747.1396837,243.4579933,140.104877,277.8923072,90.55214833
7/3/2021,251.046237,497.9399683,162.2554231,357.140107,708.3728308,230.8256831,171.620166,340.4015971,110.9210119
7/4/2021,239.855926,475.744443,155.0229361,340.452843,675.2743235,220.0404226,153.569177,304.5981969,99.25435283
7/5/2021,264.408499,524.4434698,170.8916787,358.294817,710.663151,231.5719917,161.437948,320.2055831,104.3400724
7/6/2021,262.02218,519.7103034,169.3493604,356.616035,707.3333554,230.4869666,155.400079,308.2297163,100.4376957
7/7/2021,272.856453,541.1996419,176.351734,361.204142,716.4336784,233.4523376,168.456185,334.1259699,108.8760775
7/8/2021,264.479458,524.5842141,170.9375407,371.011176,735.8855302,239.7907893,163.641706,324.5766472,105.7643984
7/9/2021,275.532777,546.5080214,178.0814874,368.130809,730.1724398,237.9291595,186.11721,369.1558924,120.2906963
7/10/2021,254.338194,504.4694307,164.3830705,353.358952,700.8730641,228.3818588,171.3651,339.8956841,110.7561584
7/11/2021,251.913271,499.6596949,162.8158018,348.787017,691.8048176,225.42694,162.644959,322.5996402,105.120184
7/12/2021,270.715368,536.9528872,174.9679146,397.043881,787.5203385,256.6161662,160.931697,319.2014549,104.0128739
7/13/2021,254.989407,505.7610851,164.8039604,357.924907,709.9294496,231.3329126,160.044059,317.4408612,103.4391784
7/14/2021,265.972123,527.5448542,171.9022753,378.23617,750.216011,244.460425,155.907138,309.2354472,100.7654165
7/15/2021,253.717073,503.2374626,163.9816295,350.826011,695.849079,226.7447763,166.455188,330.157074,107.5827994
7/16/2021,262.300972,520.263276,169.5295484,364.794767,723.5555366,235.7730192,162.408267,322.1301713,104.967206
7/17/2021,246.963079,489.841191,159.6164091,333.09544,660.6812148,215.2852088,151.650297,300.7921767,98.01414828
7/18/2021,267.059386,529.701396,172.6049917,365.045373,724.0526034,235.9349901,173.447325,344.0256924,112.1019356
7/19/2021,258.387316,512.500699,167.0000864,382.05293,757.7863988,246.9272614,147.716362,292.9893772,95.47157965
7/20/2021,252.070285,499.9711258,162.9172826,352.556963,699.2823517,227.8635198,146.339468,290.2583641,94.5816698
7/21/2021,243.390279,482.754688,157.3072481,339.772863,673.9256109,219.60094,155.526514,308.480495,100.5194128
7/22/2021,226.473694,449.2013319,146.3737735,345.656033,685.5946386,223.4033322,142.318646,282.2832277,91.98294463
7/23/2021,214.008254,424.4766402,138.3171491,315.822265,626.420577,204.121264,126.939557,251.7794321,82.04317966
7/24/2021,207.223446,411.0192504,133.9320131,291.258703,577.699754,188.245419,126.713136,251.3303353,81.89683994
7/25/2021,232.930901,462.0089385,150.5471754,319.647434,634.0076436,206.5935353,152.763871,303.0009053,98.73386996
7/26/2021,251.449019,498.73887,162.5157479,360.15157,714.3459448,232.7720425,161.531842,320.3918181,104.4007577
7/27/2021,252.244182,500.3160434,163.0296752,357.515083,709.1165804,231.0680365,160.845538,319.0305621,103.9571878
7/28/2021,242.240403,480.4739559,156.5640638,339.992649,674.3615475,219.7429914,149.122207,295.7778134,96.38020101
7/29/2021,234.912766,465.9398868,151.8280883,324.490178,643.6130288,209.7234826,148.918825,295.3744135,96.24875179
7/30/2021,217.143171,430.6946202,140.3432989,332.413569,659.3287515,214.844504,127.277221,252.4491749,82.26141761
7/31/2021,208.110887,412.7794534,134.5055812,278.854166,553.0958609,180.2281572,153.526002,304.5125611,99.2264481
8/1/2021,197.002724,390.7468653,127.3261878,263.94351,523.5211831,170.5911484,149.294035,296.1186272,96.49125635
8/2/2021,164.086719,325.4593123,106.0520179,256.540705,508.8380214,165.8065905,96.038214,190.4878791,62.07111976
8/3/2021,162.462152,322.23705,105.0020328,224.503868,445.2942624,145.1006417,115.883895,229.8509776,74.89771858
8/4/2021,192.152579,381.1268006,124.1914572,268.205603,531.9748707,173.3458111,130.587352,259.0146847,84.40081118
8/5/2021,216.396161,429.2129563,139.8604937,299.236113,593.5226212,193.4013538,135.093045,267.9515429,87.31291666
8/6/2021,247.316522,490.5422308,159.8448453,336.619118,667.6702864,217.5626214,163.713009,324.7180738,105.8104828
8/7/2021,225.545788,447.3608682,145.7740522,307.177984,609.2749983,198.5343192,145.885306,289.3575523,94.28813723
8/8/2021,223.541984,443.3864047,144.4789598,315.114423,625.0166013,203.6637738,142.877704,283.3920964,92.34427326
8/9/2021,250.98637,497.8212246,162.21673,348.431113,691.0988965,225.1969132,151.515298,300.5244117,97.92689614
8/10/2021,247.19615,490.3034778,159.7670468,336.323978,667.0848882,217.3718674,162.528764,322.3691722,105.0450852
8/11/2021,248.548744,492.9862929,160.6412512,341.330346,677.0148149,220.6075676,157.999202,313.3849708,102.1175528
8/12/2021,239.824425,475.6819621,155.0025764,331.636103,657.7866794,214.3420146,159.212563,315.7916228,102.9017685
8/13/2021,257.676131,511.0900926,166.5404355,358.788248,711.6418512,231.8909045,169.132911,335.4682283,109.313457
8/14/2021,240.637799,477.2952562,155.5282738,317.528393,629.8046123,205.2239634,161.071044,319.477844,104.1029362
8/15/2021,240.743673,477.505253,155.5967019,346.519044,687.3063857,223.9611107,167.871931,332.9671259,108.4984643
8/16/2021,267.621526,530.8163778,172.9683123,386.849881,767.3009554,250.0276119,179.708228,356.4439381,116.148463
8/17/2021,234.798356,465.7129593,151.7541432,341.324574,677.0033664,220.603837,158.414283,314.208267,102.3858267
8/18/2021,162.139329,321.5967437,104.7933868,269.107673,533.7640897,173.9288342,94.020478,186.485782,60.76702291
8/19/2021,122.428593,242.8321191,79.12766744,183.973477,364.9038855,118.9051654,91.885528,182.2511958,59.38716867
8/20/2021,128.360442,254.5976996,82.96152163,166.769344,330.7801896,107.7858437,105.319129,208.8961953,68.06953188
8/21/2021,131.589938,261.0032731,85.04879944,161.486901,320.3026794,104.3717116,103.1305,204.555139,66.65498399
8/22/2021,142.928448,283.4927451,92.37706996,174.949723,347.0056376,113.0729608,118.464261,234.9690283,76.56545271
8/23/2021,164.871333,327.0155622,106.5591271,219.25353,434.8804311,141.7072596,121.580219,241.1494039,78.57934899
8/24/2021,187.426115,371.7520521,121.1366637,252.884307,501.5857052,163.4433988,138.705059,275.1158253,89.64742232
8/25/2021,217.565918,431.5331216,140.6165274,301.084756,597.1893292,194.596163,137.398634,272.5245846,88.80305778
8/26/2021,215.136381,426.7142341,139.0462766,287.225946,569.700945,185.6389801,153.11457,303.6965025,98.96053265
8/27/2021,231.016139,458.2110862,149.3096324,322.514922,639.6951891,208.4468413,154.533788,306.5114635,99.87779721
8/28/2021,222.416354,441.1537635,143.7514461,295.039173,585.198162,190.6888006,163.534298,324.3636078,105.6949788
8/29/2021,222.030425,440.3882891,143.5020137,311.31771,617.4859759,201.209894,154.826161,307.0913734,100.0667628
8/30/2021,228.580987,453.3810615,147.7357526,325.376925,645.3718553,210.2966021,161.372279,320.0753314,104.2976294
8/31/2021,227.5719,451.3795786,147.0835626,319.156056,633.0330154,206.2759494,150.602575,298.7140629,97.33698785
9/1/2021,227.461271,451.1601505,147.0120612,315.550431,625.8814053,203.9455731,150.311939,298.1375982,97.1491449
9/2/2021,227.813239,451.8582647,147.2395441,323.057472,640.7713149,208.7975005,166.978863,331.195762,107.9212594
9/3/2021,232.976977,462.1003283,150.5769551,300.247217,595.5281047,194.0548474,186.64211,370.1970101,120.629948
9/4/2021,202.307849,401.2693643,130.7549797,291.288186,577.7582323,188.2644744,138.207216,274.128374,89.32565798
9/5/2021,211.155523,418.8183647,136.4733809,285.936632,567.1436433,184.8056746,148.890508,295.3182478,96.23045004
9/6/2021,225.258598,446.7912385,145.5884364,304.893385,604.7435894,197.0577443,168.267996,333.7527047,108.7544478
9/7/2021,245.038056,486.0229864,158.3722342,322.039681,638.7525679,208.139685,175.848321,348.78797,113.6537399
9/8/2021,234.49436,465.1099956,151.5576654,317.055817,628.867277,204.9185295,169.413493,336.0247512,109.4948019
9/9/2021,243.564336,483.099923,157.4197441,319.421266,633.5590486,206.4473591,180.427551,357.8706859,116.6133736
9/10/2021,235.349988,466.8070988,152.1106722,339.182247,672.7541482,219.2192149,141.007378,279.6823811,91.13544997
9/11/2021,193.096622,382.9992713,124.8016081,285.492668,566.2630588,184.5187332,131.980799,261.77853,85.30141951
9/12/2021,196.768158,390.2816132,127.1745839,254.203576,504.2024214,164.2960646,143.377363,284.3831497,92.66721131
9/13/2021,211.188187,418.8831524,136.4944922,290.301073,575.8003339,187.6264866,135.281826,268.3259823,87.43492901
9/14/2021,216.614339,429.6457035,140.0015058,295.751763,586.6115551,191.1493596,150.511351,298.5331238,97.27802824
9/15/2021,218.697148,433.7768701,141.3476605,294.974032,585.0689574,190.6466989,145.902809,289.3922688,94.29944971
9/16/2021,232.069029,460.2994505,149.990133,309.66901,614.2158467,200.1443114,168.279606,333.7757326,108.7619515
9/17/2021,226.219289,448.6967299,146.2093473,304.878701,604.7144643,197.0482538,158.310238,314.001898,102.3185806
9/18/2021,200.059446,396.8097487,129.3017989,271.004567,537.5265016,175.1548288,135.878274,269.5090126,87.82042343
9/19/2021,193.174326,383.153394,124.8518295,249.524273,494.9212148,161.271752,142.01357,281.6781219,91.78576886
9/20/2021,198.259336,393.2393039,128.1383574,297.576724,590.2312908,192.3288627,126.591793,251.0896564,81.81841391
9/21/2021,211.418836,419.3406353,136.6435645,275.676636,546.7933598,178.1744659,162.83468,322.9759441,105.2428039
9/22/2021,201.22948,399.1304634,130.0580116,255.16741,506.1141468,164.9190068,148.040598,293.632486,95.68113885
9/23/2021,214.851294,426.1487757,138.8620201,294.224864,583.5830133,190.162499,138.752053,275.209036,89.67779533
9/24/2021,215.294379,427.0276167,139.1483934,280.593535,556.5458284,181.3523408,153.438635,304.3392722,99.16998133
9/25/2021,196.216759,389.1879358,126.8182054,255.618466,507.008798,165.2105319,145.201809,288.0018639,93.84638157
9/26/2021,212.102351,420.6963594,137.0853318,263.962755,523.5593548,170.6035868,176.674211,350.4260892,114.1875265
9/27/2021,218.704833,433.792113,141.3526274,282.957682,561.2350175,182.8803289,159.790337,316.9376139,103.2751936
9/28/2021,211.30434,419.1135371,136.5695638,299.702622,594.4479228,193.7028665,139.699341,277.0879431,90.29004357
9/29/2021,188.506854,373.8956538,121.8351636,258.00877,511.7498685,166.7554257,125.065415,248.0621479,80.83189003
9/30/2021,184.99674,366.9334859,119.5665176,233.648038,463.4313505,151.0106732,142.746391,283.1316425,92.25940345
10/1/2021,187.842623,372.5781787,121.4058598,242.76782,481.520066,156.9049423,150.979061,299.4608075,97.58031711
10/2/2021,188.298686,373.482761,121.7006211,228.267379,452.7590329,147.5330624,158.485765,314.3500486,102.4320267
10/3/2021,170.09909,337.3846049,109.9379148,221.507832,439.3517472,143.164253,126.142654,250.1988075,81.52812779
10/4/2021,205.454661,407.5109375,132.7888175,274.120275,543.7063813,177.1685635,156.396562,310.2061997,101.0817395
10/5/2021,184.805237,366.5536475,119.442746,210.290814,417.1032496,135.9145048,159.670251,316.6994283,103.19758
10/6/2021,155.256291,307.9445187,100.3447631,208.431505,413.4153861,134.712802,113.64501,225.4102406,73.45068939
10/7/2021,137.235467,272.2009495,88.69760019,166.267349,329.784503,107.4613959,101.897207,202.1089526,65.8578859
10/8/2021,123.102873,244.169526,79.56346599,177.949149,352.9548767,115.0115405,81.729482,162.107093,52.8231446
10/9/2021,117.787686,233.6270694,76.12817086,143.869358,285.3590017,92.98519599,101.608024,201.53537,65.67098204
10/10/2021,103.181163,204.655627,66.68772835,134.581911,266.9377295,86.98256213,74.530188,147.827587,48.1701193
10/11/2021,101.420244,201.162916,65.54961665,135.481537,268.722101,87.56400561,72.819726,144.4349555,47.06461882
10/12/2021,95.709912,189.8367055,61.85893264,159.346805,316.0578863,102.9885314,54.221524,107.5461806,35.04428675
10/13/2021,96.148105,190.7058434,62.14214417,114.450052,227.0070085,73.97100163,79.113152,156.9177092,51.13216633
10/14/2021,79.246061,157.1813287,51.21806767,100.876628,200.0846758,65.19826845,63.610877,126.1695792,41.11278417
10/15/2021,81.984376,162.6126648,52.9878869,106.820473,211.8740499,69.03987587,68.733912,136.3309101,44.42388822
10/16/2021,91.134452,180.7614672,58.90173556,111.118892,220.3997886,71.81801666,75.14563,149.0482911,48.56788986
10/17/2021,89.390693,177.3027924,57.77471467,124.448242,246.8380105,80.4330007,67.305817,133.4983419,43.5008863
10/18/2021,86.381541,171.3342622,55.82984891,119.798428,237.6152941,77.42774738,61.638369,122.25719,39.83791894
10/19/2021,83.731139,166.077298,54.11684933,97.648561,193.6819367,63.11191423,65.784867,130.4815997,42.51787063
10/20/2021,72.797484,144.3908394,47.05024344,99.405107,197.165974,64.24719958,47.192749,93.60489216,30.50147075
10/21/2021,83.951192,166.5137641,54.2590733,99.819437,197.9877806,64.51498805,66.444711,131.7903733,42.94433895
10/22/2021,84.952801,168.5004147,54.90643011,105.916278,210.080616,68.45547937,71.286564,141.3939912,46.07371032
10/23/2021,73.06986,144.931086,47.22628465,97.460828,193.3095759,62.99057922,53.835626,106.7807677,34.79487435
10/24/2021,70.646899,140.1252418,45.66028403,90.913668,180.3235512,58.75903913,42.720967,84.73529502,27.61128252
10/25/2021,83.34297,165.3073806,53.86596915,103.506055,205.300037,66.89771153,64.949071,128.8238324,41.97768156
10/26/2021,72.550862,143.9016747,46.89084747,86.658357,171.8833154,56.00875976,61.950283,122.8758587,40.03951422
10/27/2021,72.003418,142.8158418,46.53702517,91.271047,181.0323978,58.99001922,46.315973,91.86584274,29.93479561
10/28/2021,79.488006,157.6612168,51.37444081,94.013078,186.4711045,60.76224016,69.427073,137.7057666,44.87188988
10/29/2021,80.199171,159.0717835,51.83407876,95.684252,189.7858099,61.84234815,69.069323,136.9961841,44.64067001
10/30/2021,84.410114,167.4240172,54.55568234,104.844023,207.953842,67.76246285,66.093011,131.0927907,42.7170293
10/31/2021,95.343622,189.1101842,61.62219322,115.659253,229.4054094,74.75252866,65.392525,129.7034053,42.26429337
11/1/2021,87.249968,173.0567517,56.39112794,111.32398,220.8065723,71.9505685,63.823926,126.5921532,41.25048134
11/2/2021,78.546414,155.7936075,50.76587399,100.890078,200.1113534,65.20696141,59.364017,117.7461056,38.36796683
11/3/2021,80.946869,160.554812,52.3173286,109.118734,216.4325568,70.52528077,60.462028,119.9239657,39.07762988
11/4/2021,77.052082,152.8296609,49.80006198,91.011279,180.5171586,58.82212677,66.212965,131.3307146,42.7945576
11/5/2021,78.811228,156.3188552,50.93702775,92.951345,184.3652004,60.07602419,62.497017,123.9602833,40.39287764
11/6/2021,84.912964,168.4213996,54.88068279,110.628779,219.4276695,71.50124835,69.76162,138.369327,45.08811326
11/7/2021,79.74372,158.1684151,51.53971308,102.114505,202.5399544,65.99832926,51.268411,101.6888015,33.13563994
11/8/2021,81.733501,162.1150645,52.82574215,96.523969,191.4513543,62.38507143,62.473139,123.9129223,40.37744489
11/9/2021,80.865057,160.3925412,52.26445213,94.235116,186.9115078,60.90574707,61.580489,122.1423874,39.80051012
11/10/2021,81.949532,162.5435532,52.96536663,108.626085,215.4554076,70.2068734,60.511219,120.021534,39.10942286
11/11/2021,73.326896,145.4409065,47.39241135,90.064399,178.6390608,58.21014223,51.919952,102.9811064,33.55674189
11/12/2021,85.033409,168.6602974,54.95852843,107.902655,214.0205137,69.73930837,61.414752,121.8136549,39.69339149
11/13/2021,72.656391,144.1109871,46.95905265,88.068372,174.6800226,56.92007627,52.330317,103.7950487,33.82196772
11/14/2021,87.935502,174.4164804,56.83420015,111.605501,221.3649577,72.13252028,52.595544,104.3211156,33.99338841
11/15/2021,84.674653,167.9487195,54.72665836,106.815085,211.863363,69.03639351,71.75255,142.3182554,46.37488494
11/16/2021,74.5835,147.9333292,48.20457574,86.729938,172.0252934,56.05502377,66.829019,132.5526325,43.1927237
11/17/2021,74.981934,148.7236068,48.46209037,94.07282,186.5896003,60.80085243,50.357984,99.88300664,32.54721559
11/18/2021,80.289237,159.2504258,51.89228993,92.677402,183.8218456,59.89897021,66.605909,132.110103,43.04852394
11/19/2021,76.709867,152.1508914,49.57888265,92.870539,184.204925,60.02379791,55.734689,110.5474816,36.02227084
11/20/2021,78.337709,155.3796496,50.63098443,105.323126,208.9041232,68.07211521,53.052671,105.2278084,34.28883731
11/21/2021,88.939581,176.4080302,57.48315336,114.263024,226.6360461,73.85012228,68.386874,135.6425744,44.1995917
11/22/2021,73.016853,144.8259488,47.19202533,85.334077,169.2566601,55.15285523,57.878954,114.8005438,37.40814553
11/23/2021,71.693924,142.2019731,46.33699397,90.189368,178.8869317,58.29091181,52.767173,104.6615347,34.10431513
11/24/2021,79.045789,156.7840974,51.08862849,95.249753,188.9239989,61.5615241,62.0275,123.0290155,40.08942088
11/25/2021,74.528929,147.8250899,48.16930558,97.372016,193.1334209,62.93317852,60.487476,119.9744407,39.09407735
11/26/2021,69.33409,137.5213387,44.8117934,83.145756,164.9162147,53.73850641,48.561963,96.32067227,31.38641688
11/27/2021,77.66859,154.0524794,50.19852152,92.66961,183.8063905,59.8939341,55.674911,110.4289144,35.98363531
11/28/2021,83.323667,165.2690939,53.85349329,99.328326,197.013682,64.19757472,63.358482,125.668964,40.94965702
11/29/2021,85.706525,169.9953955,55.39357466,115.108064,228.3121485,74.3962859,62.853326,124.6670077,40.62316617
11/30/2021,75.334591,149.4230876,48.69001854,99.087061,196.5351427,64.04164107,59.667848,118.348742,38.56433793
12/1/2021,77.933097,154.5771182,50.36947686,99.975121,198.2965735,64.61560925,56.994688,113.0466382,36.83662948
12/2/2021,78.04461,154.7982997,50.44154959,105.937221,210.1221556,68.46901518,59.489482,117.9949604,38.44905698
12/3/2021,71.333001,141.4860971,46.10372334,95.16005,188.7460766,61.50354754,53.253392,105.6259303,34.41856668
12/4/2021,82.973718,164.5749843,53.62731534,118.284812,234.6130985,76.44947179,51.364881,101.8801458,33.19799013
12/5/2021,83.550587,165.7191804,54.00015552,104.060733,206.4002182,67.25620929,65.487763,129.892306,42.3258473
12/6/2021,82.586398,163.8067509,53.37698389,101.693277,201.7044658,65.72608249,58.952057,116.9289998,38.10171012
12/7/2021,73.943325,146.6635682,47.79081983,88.133996,174.8101852,56.96249017,51.58122,102.3092453,33.33781368
12/8/2021,74.230146,147.232466,47.97619708,88.308245,175.155801,57.07511024,58.576438,116.1839748,37.85894122
12/9/2021,59.221411,117.4632525,38.27579816,75.459871,149.6715753,48.77098912,33.621902,66.68767083,21.73040313
12/10/2021,79.222174,157.1339498,51.20262909,95.415735,189.2532174,61.66880107,55.705622,110.4898284,36.00348435
12/11/2021,65.937757,130.7848507,42.61668602,85.986546,170.5508057,55.57455697,50.842951,100.8449189,32.86065795
12/12/2021,73.132114,145.0545643,47.26652046,93.454444,185.3630767,60.40118557,61.194533,121.3768594,39.55106024
12/13/2021,80.780579,160.2249826,52.20985257,93.585976,185.6239651,60.48619693,53.529362,106.1733055,34.59693076
12/14/2021,62.790492,124.542379,40.58255549,84.70902,168.016885,54.74887034,43.442322,86.16607323,28.07750644
12/15/2021,75.911591,150.5675435,49.06294339,98.180737,194.737486,63.45586857,51.360022,101.8705081,33.19484967
12/16/2021,82.49581,163.6270733,53.31843533,103.562813,205.4126142,66.93439519,66.960122,132.81267,43.27745778
12/17/2021,95.557564,189.5345294,61.76046755,111.510588,221.1767016,72.0711764,75.72039,150.1883041,48.93936695
12/18/2021,96.382588,191.1709309,62.2936945,116.349192,230.7738752,75.19844789,65.816711,130.5447609,42.53845194
12/19/2021,119.017892,236.0671328,76.92327378,142.70672,283.0529566,92.23376341,97.18386,192.7602212,62.81157012
12/20/2021,84.829224,168.2553047,54.82656021,101.5526,201.4254387,65.63516057,67.370769,133.6271716,43.54286588
12/21/2021,103.162325,204.6182626,66.67555303,126.744619,251.3927806,81.91718794,83.730988,166.0769984,54.11675174
12/22/2021,81.983159,162.6102509,52.98710033,100.294621,198.9302887,64.8221075,64.270208,127.4773353,41.53892093
12/23/2021,73.643283,146.0684472,47.59689762,97.653855,193.6924371,63.11533583,36.436435,72.2701822,23.54948334
12/24/2021,69.867412,138.5791611,45.15648842,90.237786,178.9829668,58.32220518,54.586411,108.2699191,35.28011938
12/25/2021,75.09783,148.9534818,48.53699591,99.832189,198.0130737,64.52322989,54.726486,108.5477521,35.37065222
12/26/2021,69.857731,138.5599592,45.15023142,89.288052,177.0992082,57.70837606,50.531992,100.2281444,32.6596799
12/27/2021,85.74136,170.0644893,55.41608911,105.25815,208.775246,68.03012012,58.28369,115.6033211,37.66973324
12/28/2021,82.730357,164.0922877,53.47002702,108.38683,214.9808551,70.05223885,61.078883,121.1474724,39.47631369
12/29/2021,82.555967,163.7463922,53.35731582,101.496287,201.3137442,65.59876453,58.537523,116.1067885,37.8337898
12/30/2021,71.343255,141.5064355,46.11035067,97.661821,193.7082373,63.12048439,50.635232,100.4329167,32.72640566
12/31/2021,70.313727,139.4644087,45.44494934,89.0771,176.6807935,57.57203422,43.858009,86.99057143,28.34617197
