WeatherDate,CalendarYear,CalendarMonth,CalendarDay,TemperatureMax,TemperatureMin,TemperatureMean,Precipitation,CoolingDegreeDays,SnowDepth,SnowFall,RainDays
1/1/2019,2019,1,1,23.18,6.26,14.72,0,0,1.96,0,0
1/2/2019,2019,1,2,25.16,11.12,18.14,0,0,1.96,0,0
1/3/2019,2019,1,3,30.2,13.1,21.65,0,0,1.96,0,0
1/4/2019,2019,1,4,30.2,13.1,21.65,0,0,1.96,0,0
1/5/2019,2019,1,5,30.2,13.1,21.65,0,0,1.96,0,0
1/6/2019,2019,1,6,37.04,28.22,32.63,0.22,0,1.96,0.98,1
1/7/2019,2019,1,7,39.92,32,35.96,0.07,0,1.96,0.39,1
1/8/2019,2019,1,8,39.02,27.14,33.08,0,0,1.96,0,0
1/9/2019,2019,1,9,39.92,27.14,33.53,0,0,1.18,0,0
1/10/2019,2019,1,10,39.02,27.14,33.08,0,0,1.18,0,0
1/11/2019,2019,1,11,33.98,32,32.99,0,0,0,0,0
1/12/2019,2019,1,12,33.08,29.12,31.1,0,0,0,0,0
1/13/2019,2019,1,13,31.1,26.24,28.67,0,0,0,0,0
1/14/2019,2019,1,14,30.2,20.12,25.16,0,0,0,0,0
1/15/2019,2019,1,15,32,19.22,25.61,0.03,0,0,0.51,1
1/16/2019,2019,1,16,44.06,28.22,36.14,0.03,0,1.18,0.51,1
1/17/2019,2019,1,17,46.04,35.96,41,0.75,0,0,0,1
1/18/2019,2019,1,18,39.02,31.1,35.06,0.01,0,0,0,1
1/19/2019,2019,1,19,42.98,29.12,36.05,0,0,0,0,0
1/20/2019,2019,1,20,44.96,32,38.48,0,0,0,0,0
1/21/2019,2019,1,21,46.94,26.24,36.59,0.61,0,0,4.01,1
1/22/2019,2019,1,22,32,17.24,24.62,0,0,3.93,0,0
1/23/2019,2019,1,23,33.08,18.14,25.61,0.01,0,3.14,0.19,1
1/24/2019,2019,1,24,42.08,30.2,36.14,0,0,3.14,0,0
1/25/2019,2019,1,25,42.98,27.14,35.06,0,0,1.96,0,0
1/26/2019,2019,1,26,41,25.16,33.08,0,0,1.18,0,0
1/27/2019,2019,1,27,44.06,29.12,36.59,0,0,0,0,0
1/28/2019,2019,1,28,41,26.24,33.62,0,0,0,0,0
1/29/2019,2019,1,29,39.92,27.14,33.53,0,0,0,0,0
1/30/2019,2019,1,30,42.08,24.26,33.17,0,0,0,0,0
1/31/2019,2019,1,31,46.94,26.24,36.59,0,0,0,0,0
2/1/2019,2019,2,1,51.98,26.24,39.11,0,0,0,0,0
2/2/2019,2019,2,2,53.96,39.02,46.49,0,0,0,0,0
2/3/2019,2019,2,3,48.02,39.92,43.97,0.07,0,0,0,1
2/4/2019,2019,2,4,51.08,39.02,45.05,0.01,0,0,0,1
2/5/2019,2019,2,5,41,29.12,35.06,0.05,0,0,1.18,1
2/6/2019,2019,2,6,29.12,22.1,25.61,0.33,0,5.11,4.09,1
2/7/2019,2019,2,7,27.14,15.26,21.2,0.03,0,3.93,1.49,1
2/8/2019,2019,2,8,32,12.2,22.1,0,0,3.93,0,0
2/9/2019,2019,2,9,37.04,16.16,26.6,0,0,3.14,0,0
2/10/2019,2019,2,10,42.08,23.18,32.63,0.16,0,3.14,2.99,1
2/11/2019,2019,2,11,30.2,19.22,24.71,0,0,3.93,0.31,0
2/12/2019,2019,2,12,39.02,23.18,31.1,0,0,3.14,0,0
2/13/2019,2019,2,13,46.04,29.12,37.58,0.16,0,1.96,0,1
2/14/2019,2019,2,14,51.08,39.02,45.05,0.01,0,0,0,1
2/15/2019,2019,2,15,51.98,29.12,40.55,0.22,0,0,2.4,1
2/16/2019,2019,2,16,37.04,27.14,32.09,0,0,1.96,0,0
2/17/2019,2019,2,17,37.94,26.24,32.09,0.03,0,1.18,0.59,1
2/18/2019,2019,2,18,33.98,23.18,28.58,0,0,1.18,0,0
2/19/2019,2019,2,19,27.14,22.1,24.62,0,0,0,0,0
2/20/2019,2019,2,20,33.08,22.1,27.59,0,0,0,0,0
2/21/2019,2019,2,21,33.98,22.1,28.04,0.01,0,0,0.11,1
2/22/2019,2019,2,22,32,20.12,26.06,0.05,0,1.18,0.7,1
2/23/2019,2019,2,23,35.96,19.22,27.59,0,0,0,0,0
2/24/2019,2019,2,24,46.04,27.14,36.59,0,0,0,0,0
2/25/2019,2019,2,25,53.96,39.02,46.49,0,0,0,0,0
2/26/2019,2019,2,26,57.02,46.94,51.98,0,0,0,0,0
2/27/2019,2019,2,27,51.98,42.08,47.03,0.01,0,0,0,1
2/28/2019,2019,2,28,55.94,42.08,49.01,0.03,0,0,0,1
3/1/2019,2019,3,1,48.92,33.08,41,0,0,0,0,0
3/2/2019,2019,3,2,39.92,32,35.96,0.29,0,0,1.29,1
3/3/2019,2019,3,3,41,30.2,35.6,0.05,0,1.96,0.78,1
3/4/2019,2019,3,4,42.98,27.14,35.06,0,0,0,0,0
3/5/2019,2019,3,5,51.98,32,41.99,0,0,0,0,0
3/6/2019,2019,3,6,51.98,42.98,47.48,0.14,0,0,0,1
3/7/2019,2019,3,7,51.08,37.04,44.06,0.35,0,0,0,1
3/8/2019,2019,3,8,42.08,32,37.04,0.29,0,0,0.59,1
3/9/2019,2019,3,9,42.98,29.12,36.05,0.01,0,1.18,0.51,1
3/10/2019,2019,3,10,42.98,32,37.49,0.01,0,0,0,1
3/11/2019,2019,3,11,48.92,30.2,39.56,0,0,0,0,0
3/12/2019,2019,3,12,53.06,31.1,42.08,0.2,0,0,0,1
3/13/2019,2019,3,13,41,28.22,34.61,0.11,0,1.18,2.91,1
3/14/2019,2019,3,14,42.08,29.12,35.6,0,0,1.18,0,0
3/15/2019,2019,3,15,46.94,28.22,37.58,0,0,0,0,0
3/16/2019,2019,3,16,51.08,29.12,40.1,0,0,0,0,0
3/17/2019,2019,3,17,55.94,31.1,43.52,0,0,0,0,0
3/18/2019,2019,3,18,57.92,33.98,45.95,0,0,0,0,0
3/19/2019,2019,3,19,57.92,33.08,45.5,0,0,0,0,0
3/20/2019,2019,3,20,62.96,39.92,51.44,0,0,0,0,0
3/21/2019,2019,3,21,53.96,39.92,46.94,0.2,0,0,0,1
3/22/2019,2019,3,22,50,42.98,46.49,0.11,0,0,0,1
3/23/2019,2019,3,23,53.96,42.98,48.47,0.07,0,0,0,1
3/24/2019,2019,3,24,48.92,37.94,43.43,0.44,0,0,0,1
3/25/2019,2019,3,25,60.98,33.98,47.48,0,0,0,0,0
3/26/2019,2019,3,26,66.02,48.02,57.02,0,0,0,0,0
3/27/2019,2019,3,27,66.02,48.02,57.02,0,0,0,0,0
3/28/2019,2019,3,28,59,32,45.5,0.85,0,1.18,0.98,1
3/29/2019,2019,3,29,48.92,32,40.46,0.75,0,1.18,3.58,1
3/30/2019,2019,3,30,51.98,35.96,43.97,0,0,0,0,0
3/31/2019,2019,3,31,53.06,32,42.53,0,0,0,0,0
4/1/2019,2019,4,1,59,35.96,47.48,0,0,0,0,0
4/2/2019,2019,4,2,55.04,46.04,50.54,0.01,0,0,0,1
4/3/2019,2019,4,3,57.02,44.06,50.54,0.31,0,0,0,1
4/4/2019,2019,4,4,66.02,44.06,55.04,0,0,0,0,0
4/5/2019,2019,4,5,66.02,51.08,58.55,0,0,0,0,0
4/6/2019,2019,4,6,57.92,44.06,50.99,0.18,0,0,0,1
4/7/2019,2019,4,7,66.92,42.08,54.5,0,0,0,0,0
4/8/2019,2019,4,8,71.06,46.94,59,0,0,0,0,0
4/9/2019,2019,4,9,62.06,39.02,50.54,0.48,0,0,0,1
4/10/2019,2019,4,10,46.94,35.96,41.45,0.09,0,0,0,1
4/11/2019,2019,4,11,48.92,37.94,43.43,0,0,0,0,0
4/12/2019,2019,4,12,48.92,33.08,41,0.22,0,0,0.19,1
4/13/2019,2019,4,13,53.96,33.98,43.97,0.11,0,0,0,1
4/14/2019,2019,4,14,62.06,44.06,53.06,0,0,0,0,0
4/15/2019,2019,4,15,53.06,44.96,49.01,0.46,0,0,0,1
4/16/2019,2019,4,16,53.06,41,47.03,0.48,0,0,0,1
4/17/2019,2019,4,17,57.02,37.94,47.48,0,0,0,0,0
4/18/2019,2019,4,18,64.04,39.92,51.98,0,0,0,0,0
4/19/2019,2019,4,19,75.92,44.96,60.44,0,0,0,0,0
4/20/2019,2019,4,20,75.92,53.06,64.49,0.07,0,0,0,1
4/21/2019,2019,4,21,60.98,50,55.49,0.57,0,0,0,1
4/22/2019,2019,4,22,62.96,48.02,55.49,0,0,0,0,0
4/23/2019,2019,4,23,66.02,44.96,55.49,0,0,0,0,0
4/24/2019,2019,4,24,71.96,48.92,60.44,0,0,0,0,0
4/25/2019,2019,4,25,73.04,51.08,62.06,0,0,0,0,0
4/26/2019,2019,4,26,73.94,53.06,63.5,0.01,0,0,0,1
4/27/2019,2019,4,27,69.98,42.98,56.48,0,0,0,0,0
4/28/2019,2019,4,28,57.92,42.98,50.45,0,0,0,0,0
4/29/2019,2019,4,29,62.96,39.02,50.99,0,0,0,0,0
4/30/2019,2019,4,30,53.96,35.06,44.51,0.38,0,0,0,1
5/1/2019,2019,5,1,53.06,35.06,44.06,0.01,0,0,0,1
5/2/2019,2019,5,2,64.04,39.92,51.98,0,0,0,0,0
5/3/2019,2019,5,3,68,44.06,56.03,0,0,0,0,0
5/4/2019,2019,5,4,73.94,46.04,59.99,0,0,0,0,0
5/5/2019,2019,5,5,77,55.04,66.02,0,1.02,0,0,0
5/6/2019,2019,5,6,77,53.06,65.03,0,0.03,0,0,0
5/7/2019,2019,5,7,64.04,50,57.02,0.18,0,0,0,1
5/8/2019,2019,5,8,64.04,48.02,56.03,0,0,0,0,0
5/9/2019,2019,5,9,62.06,42.08,52.07,0,0,0,0,0
5/10/2019,2019,5,10,66.92,42.08,54.5,0,0,0,0,0
5/11/2019,2019,5,11,73.04,46.04,59.54,0,0,0,0,0
5/12/2019,2019,5,12,78.98,50,64.49,0,0,0,0,0
5/13/2019,2019,5,13,84.92,57.02,70.97,0,5.97,0,0,0
5/14/2019,2019,5,14,82.04,60.08,71.06,0,6.06,0,0,0
5/15/2019,2019,5,15,82.04,64.04,73.04,0,8.04,0,0,0
5/16/2019,2019,5,16,78.08,48.02,63.05,0.24,0,0,0,1
5/17/2019,2019,5,17,57.02,44.06,50.54,0.64,0,0,0,1
5/18/2019,2019,5,18,57.02,42.98,50,0.35,0,0,0,1
5/19/2019,2019,5,19,62.96,48.92,55.94,0,0,0,0,0
5/20/2019,2019,5,20,59,44.96,51.98,0,0,0,0,0
5/21/2019,2019,5,21,55.04,44.06,49.55,0.55,0,0,0,1
5/22/2019,2019,5,22,55.04,42.98,49.01,0.33,0,0,0,1
5/23/2019,2019,5,23,57.02,44.96,50.99,0.18,0,0,0,1
5/24/2019,2019,5,24,62.06,46.04,54.05,0.03,0,0,0,1
5/25/2019,2019,5,25,73.04,51.08,62.06,0,0,0,0,0
5/26/2019,2019,5,26,75.92,48.02,61.97,0,0,0,0,0
5/27/2019,2019,5,27,60.98,46.94,53.96,0.4,0,0,0,1
5/28/2019,2019,5,28,62.96,48.92,55.94,0.51,0,0,0,1
5/29/2019,2019,5,29,68,48.92,58.46,0.11,0,0,0,1
5/30/2019,2019,5,30,75.02,51.08,63.05,0.18,0,0,0,1
5/31/2019,2019,5,31,75.92,53.96,64.94,0.01,0,0,0,1
6/1/2019,2019,6,1,78.98,57.92,68.45,0,3.45,0,0,0
6/2/2019,2019,6,2,73.94,55.04,64.49,0,0,0,0,0
6/3/2019,2019,6,3,78.98,53.06,66.02,0,1.02,0,0,0
6/4/2019,2019,6,4,82.04,57.02,69.53,0,4.53,0,0,0
6/5/2019,2019,6,5,84.02,60.98,72.5,0,7.5,0,0,0
6/6/2019,2019,6,6,87.98,64.04,76.01,0.09,11.01,0,0,1
6/7/2019,2019,6,7,84.02,48.02,66.02,0.01,1.02,0,0,1
6/8/2019,2019,6,8,60.98,46.04,53.51,0,0,0,0,0
6/9/2019,2019,6,9,69.08,42.98,56.03,0,0,0,0,0
6/10/2019,2019,6,10,78.08,50,64.04,0,0,0,0,0
6/11/2019,2019,6,11,82.04,55.94,68.99,0,3.99,0,0,0
6/12/2019,2019,6,12,86,57.92,71.96,0,6.96,0,0,0
6/13/2019,2019,6,13,87.98,64.04,76.01,0.01,11.01,0,0,1
6/14/2019,2019,6,14,82.04,62.06,72.05,0,7.05,0,0,0
6/15/2019,2019,6,15,87.98,62.96,75.47,0,10.47,0,0,0
6/16/2019,2019,6,16,84.92,62.06,73.49,0,8.49,0,0,0
6/17/2019,2019,6,17,84.02,62.06,73.04,0.01,8.04,0,0,1
6/18/2019,2019,6,18,84.02,60.98,72.5,0,7.5,0,0,0
6/19/2019,2019,6,19,87.08,62.96,75.02,0,10.02,0,0,0
6/20/2019,2019,6,20,82.04,53.96,68,0.03,3,0,0,1
6/21/2019,2019,6,21,66.92,48.02,57.47,0,0,0,0,0
6/22/2019,2019,6,22,69.08,50,59.54,0,0,0,0,0
6/23/2019,2019,6,23,80.06,51.98,66.02,0,1.02,0,0,0
6/24/2019,2019,6,24,84.02,59,71.51,0,6.51,0,0,0
6/25/2019,2019,6,25,89.06,62.96,76.01,0,11.01,0,0,0
6/26/2019,2019,6,26,91.04,64.04,77.54,0,12.54,0,0,0
6/27/2019,2019,6,27,93.02,73.94,83.48,0,18.48,0,0,0
6/28/2019,2019,6,28,95,69.98,82.49,0,17.49,0,0,0
6/29/2019,2019,6,29,91.94,60.08,76.01,0,11.01,0,0,0
6/30/2019,2019,6,30,86,69.08,77.54,0,12.54,0,0,0
7/1/2019,2019,7,1,93.02,64.94,78.98,0,13.98,0,0,0
7/2/2019,2019,7,2,96.08,69.08,82.58,0,17.58,0,0,0
7/3/2019,2019,7,3,89.96,64.94,77.45,0,12.45,0,0,0
7/4/2019,2019,7,4,82.94,60.08,71.51,0.11,6.51,0,0,1
7/5/2019,2019,7,5,86,55.94,70.97,0,5.97,0,0,0
7/6/2019,2019,7,6,93.02,62.96,77.99,0,12.99,0,0,0
7/7/2019,2019,7,7,93.92,69.08,81.5,0,16.5,0,0,0
7/8/2019,2019,7,8,89.06,62.96,76.01,0,11.01,0,0,0
7/9/2019,2019,7,9,87.98,60.08,74.03,0,9.03,0,0,0
7/10/2019,2019,7,10,98.96,69.98,84.47,0,19.47,0,0,0
7/11/2019,2019,7,11,100.94,73.94,87.44,0,22.44,0,0,0
7/12/2019,2019,7,12,100.04,73.04,86.54,0,21.54,0,0,0
7/13/2019,2019,7,13,93.92,75.02,84.47,0,19.47,0,0,0
7/14/2019,2019,7,14,98.96,69.08,84.02,0,19.02,0,0,0
7/15/2019,2019,7,15,98.96,69.98,84.47,0,19.47,0,0,0
7/16/2019,2019,7,16,98.96,68,83.48,0,18.48,0,0,0
7/17/2019,2019,7,17,93.92,68,80.96,0,15.96,0,0,0
7/18/2019,2019,7,18,98.96,73.94,86.45,0,21.45,0,0,0
7/19/2019,2019,7,19,98.06,71.96,85.01,0,20.01,0,0,0
7/20/2019,2019,7,20,95,66.92,80.96,0,15.96,0,0,0
7/21/2019,2019,7,21,100.04,69.08,84.56,0,19.56,0,0,0
7/22/2019,2019,7,22,102.92,73.94,88.43,0,23.43,0,0,0
7/23/2019,2019,7,23,100.94,78.98,89.96,0,24.96,0,0,0
7/24/2019,2019,7,24,95,77,86,0,21,0,0,0
7/25/2019,2019,7,25,93.92,71.96,82.94,0,17.94,0,0,0
7/26/2019,2019,7,26,89.06,69.08,79.07,0.25,14.07,0,0,1
7/27/2019,2019,7,27,87.98,69.08,78.53,0.01,13.53,0,0,1
7/28/2019,2019,7,28,95,69.08,82.04,0,17.04,0,0,0
7/29/2019,2019,7,29,100.94,73.94,87.44,0,22.44,0,0,0
7/30/2019,2019,7,30,100.94,68,84.47,0,19.47,0,0,0
7/31/2019,2019,7,31,91.94,66.92,79.43,0.01,14.43,0,0,1
8/1/2019,2019,8,1,93.02,64.94,78.98,0,13.98,0,0,0
8/2/2019,2019,8,2,98.96,69.08,84.02,0,19.02,0,0,0
8/3/2019,2019,8,3,98.06,77,87.53,0,22.53,0,0,0
8/4/2019,2019,8,4,98.06,71.06,84.56,0,19.56,0,0,0
8/5/2019,2019,8,5,100.04,75.02,87.53,0,22.53,0,0,0
8/6/2019,2019,8,6,102.02,77,89.51,0,24.51,0,0,0
8/7/2019,2019,8,7,89.06,73.04,81.05,0,16.05,0,0,0
8/8/2019,2019,8,8,78.98,64.04,71.51,0.35,6.51,0,0,1
8/9/2019,2019,8,9,89.96,60.08,75.02,0.14,10.02,0,0,1
8/10/2019,2019,8,10,93.92,71.06,82.49,0,17.49,0,0,0
8/11/2019,2019,8,11,87.08,66.92,77,0,12,0,0,0
8/12/2019,2019,8,12,84.92,60.98,72.95,0,7.95,0,0,0
8/13/2019,2019,8,13,93.02,64.04,78.53,0,13.53,0,0,0
8/14/2019,2019,8,14,95,64.94,79.97,0,14.97,0,0,0
8/15/2019,2019,8,15,96.08,66.92,81.5,0,16.5,0,0,0
8/16/2019,2019,8,16,91.04,66.92,78.98,0,13.98,0,0,0
8/17/2019,2019,8,17,91.04,66.02,78.53,0,13.53,0,0,0
8/18/2019,2019,8,18,96.08,62.96,79.52,0,14.52,0,0,0
8/19/2019,2019,8,19,96.98,73.04,85.01,0,20.01,0,0,0
8/20/2019,2019,8,20,98.06,71.06,84.56,0,19.56,0,0,0
8/21/2019,2019,8,21,98.96,66.92,82.94,0,17.94,0,0,0
8/22/2019,2019,8,22,93.02,69.08,81.05,0,16.05,0,0,0
8/23/2019,2019,8,23,86,60.98,73.49,0,8.49,0,0,0
8/24/2019,2019,8,24,93.92,64.04,78.98,0,13.98,0,0,0
8/25/2019,2019,8,25,93.92,71.06,82.49,0,17.49,0,0,0
8/26/2019,2019,8,26,82.04,62.06,72.05,0,7.05,0,0,0
8/27/2019,2019,8,27,87.98,59,73.49,0,8.49,0,0,0
8/28/2019,2019,8,28,96.08,62.06,79.07,0,14.07,0,0,0
8/29/2019,2019,8,29,96.08,69.08,82.58,0,17.58,0,0,0
8/30/2019,2019,8,30,96.98,71.96,84.47,0,19.47,0,0,0
8/31/2019,2019,8,31,95,68,81.5,0,16.5,0,0,0
9/1/2019,2019,9,1,100.04,69.98,85.01,0,20.01,0,0,0
9/2/2019,2019,9,2,98.06,69.08,83.57,0,18.57,0,0,0
9/3/2019,2019,9,3,93.92,73.94,83.93,0.03,18.93,0,0,1
9/4/2019,2019,9,4,98.06,69.98,84.02,0,19.02,0,0,0
9/5/2019,2019,9,5,95,71.06,83.03,0.07,18.03,0,0,1
9/6/2019,2019,9,6,84.92,66.92,75.92,0.01,10.92,0,0,1
9/7/2019,2019,9,7,87.98,64.04,76.01,0,11.01,0,0,0
9/8/2019,2019,9,8,78.98,57.92,68.45,0.16,3.45,0,0,1
9/9/2019,2019,9,9,80.06,55.04,67.55,0,2.55,0,0,0
9/10/2019,2019,9,10,78.98,55.94,67.46,0.01,2.46,0,0,1
9/11/2019,2019,9,11,62.96,51.08,57.02,0.81,0,0,0,1
9/12/2019,2019,9,12,73.04,50,61.52,0,0,0,0,0
9/13/2019,2019,9,13,80.96,53.06,67.01,0,2.01,0,0,0
9/14/2019,2019,9,14,89.96,55.94,72.95,0,7.95,0,0,0
9/15/2019,2019,9,15,91.94,64.94,78.44,0,13.44,0,0,0
9/16/2019,2019,9,16,87.08,73.94,80.51,0,15.51,0,0,0
9/17/2019,2019,9,17,78.08,53.06,65.57,0.05,0.57,0,0,1
9/18/2019,2019,9,18,82.94,51.08,67.01,0,2.01,0,0,0
9/19/2019,2019,9,19,75.92,48.92,62.42,0,0,0,0,0
9/20/2019,2019,9,20,59,48.02,53.51,0.24,0,0,0,1
9/21/2019,2019,9,21,64.94,46.04,55.49,0,0,0,0,0
9/22/2019,2019,9,22,73.94,46.94,60.44,0,0,0,0,0
9/23/2019,2019,9,23,78.08,57.02,67.55,0,2.55,0,0,0
9/24/2019,2019,9,24,75.02,51.98,63.5,0,0,0,0,0
9/25/2019,2019,9,25,77,53.06,65.03,0,0.03,0,0,0
9/26/2019,2019,9,26,82.04,53.96,68,0,3,0,0,0
9/27/2019,2019,9,27,73.04,59,66.02,0.01,1.02,0,0,1
9/28/2019,2019,9,28,62.96,48.92,55.94,0.01,0,0,0,1
9/29/2019,2019,9,29,51.08,42.08,46.58,0.12,0,0,0,1
9/30/2019,2019,9,30,57.92,37.94,47.93,0,0,0,0,0
10/1/2019,2019,10,1,59,39.02,49.01,0,0,0,0,0
10/2/2019,2019,10,2,57.92,44.06,50.99,0,0,0,0,0
10/3/2019,2019,10,3,69.08,39.02,54.05,0,0,0,0,0
10/4/2019,2019,10,4,64.04,42.08,53.06,0,0,0,0,0
10/5/2019,2019,10,5,60.98,37.04,49.01,0,0,0,0,0
10/6/2019,2019,10,6,62.06,37.94,50,0,0,0,0,0
10/7/2019,2019,10,7,66.92,37.94,52.43,0,0,0,0,0
10/8/2019,2019,10,8,77,41,59,0,0,0,0,0
10/9/2019,2019,10,9,64.94,35.96,50.45,0,0,0,0,0
10/10/2019,2019,10,10,42.08,30.2,36.14,0,0,0,0,0
10/11/2019,2019,10,11,51.08,28.22,39.65,0,0,0,0,0
10/12/2019,2019,10,12,57.02,29.12,43.07,0,0,0,0,0
10/14/2019,2019,10,14,69.08,35.06,52.07,0,0,0,0,0
10/15/2019,2019,10,15,71.96,39.92,55.94,0,0,0,0,0
10/16/2019,2019,10,16,78.08,44.06,61.07,0,0,0,0,0
10/17/2019,2019,10,17,73.04,44.06,58.55,0.18,0,0,0,1
10/18/2019,2019,10,18,55.94,41,48.47,0,0,0,0,0
10/19/2019,2019,10,19,55.04,35.96,45.5,0.27,0,0,0,1
10/20/2019,2019,10,20,48.02,39.92,43.97,0,0,0,0,0
10/21/2019,2019,10,21,55.94,42.08,49.01,0,0,0,0,0
10/22/2019,2019,10,22,62.96,42.98,52.97,0,0,0,0,0
10/23/2019,2019,10,23,57.92,39.02,48.47,0,0,0,0,0
10/24/2019,2019,10,24,53.06,33.08,43.07,0,0,0,0,0
10/25/2019,2019,10,25,62.06,35.06,48.56,0,0,0,0,0
10/26/2019,2019,10,26,60.98,37.04,49.01,0,0,0,0,0
10/27/2019,2019,10,27,41,28.22,34.61,0.03,0,0,0,1
10/28/2019,2019,10,28,39.92,22.1,31.01,0,0,0,0,0
10/29/2019,2019,10,29,33.98,17.24,25.61,0,0,0,0,0
10/30/2019,2019,10,30,33.98,14.18,24.08,0,0,0,0,0
10/31/2019,2019,10,31,44.96,20.12,32.54,0,0,0,0,0
11/1/2019,2019,11,1,46.04,24.26,35.15,0,0,0,0,0
11/2/2019,2019,11,2,51.08,26.24,38.66,0,0,0,0,0
11/3/2019,2019,11,3,55.94,28.22,42.08,0,0,0,0,0
11/4/2019,2019,11,4,57.02,30.2,43.61,0,0,0,0,0
11/5/2019,2019,11,5,62.06,33.08,47.57,0,0,0,0,0
11/6/2019,2019,11,6,62.06,35.96,49.01,0,0,0,0,0
11/7/2019,2019,11,7,60.08,33.98,47.03,0,0,0,0,0
11/8/2019,2019,11,8,62.06,33.08,47.57,0,0,0,0,0
11/9/2019,2019,11,9,62.06,32,47.03,0,0,0,0,0
11/10/2019,2019,11,10,62.06,30.2,46.13,0,0,0,0,0
11/11/2019,2019,11,11,55.04,35.06,45.05,0,0,0,0,0
11/12/2019,2019,11,12,57.02,31.1,44.06,0,0,0,0,0
11/13/2019,2019,11,13,60.98,35.96,48.47,0,0,0,0,0
11/14/2019,2019,11,14,60.98,35.96,48.47,0,0,0,0,0
11/15/2019,2019,11,15,64.04,35.06,49.55,0,0,0,0,0
11/16/2019,2019,11,16,57.02,35.96,46.49,0,0,0,0,0
11/17/2019,2019,11,17,57.92,33.98,45.95,0,0,0,0,0
11/18/2019,2019,11,18,60.08,32,46.04,0,0,0,0,0
11/19/2019,2019,11,19,57.92,33.08,45.5,0,0,0,0,0
11/20/2019,2019,11,20,48.92,39.02,43.97,0.11,0,0,0,1
11/21/2019,2019,11,21,48.02,33.98,41,0,0,0,0,0
11/22/2019,2019,11,22,42.98,33.98,38.48,0,0,0,0,0
11/23/2019,2019,11,23,48.92,30.2,39.56,0,0,0,0,0
11/24/2019,2019,11,24,48.02,29.12,38.57,0,0,0,0,0
11/25/2019,2019,11,25,39.02,25.16,32.09,0.11,0,0,0.59,1
11/26/2019,2019,11,26,32,20.12,26.06,0,0,0,0,0
11/27/2019,2019,11,27,39.02,30.2,34.61,0.11,0,1.18,1.61,1
11/28/2019,2019,11,28,37.94,32,34.97,0.44,0,3.14,4.48,1
11/29/2019,2019,11,29,39.02,30.2,34.61,0.38,0,7.08,3.5,1
11/30/2019,2019,11,30,35.96,22.1,29.03,0,0,0,0,0
12/1/2019,2019,12,1,37.04,22.1,29.57,0,0,0,0,0
12/2/2019,2019,12,2,35.96,24.26,30.11,0,0,3.14,0,0
12/3/2019,2019,12,3,39.92,29.12,34.52,0,0,3.14,0,0
12/4/2019,2019,12,4,33.08,24.26,28.67,0.11,0,1.96,0,1
12/5/2019,2019,12,5,37.94,33.08,35.51,0.14,0,1.18,0,1
12/6/2019,2019,12,6,48.02,33.08,40.55,0,0,0,0,0
12/7/2019,2019,12,7,37.04,28.22,32.63,0,0,0,0,0
12/8/2019,2019,12,8,42.08,31.1,36.59,0.25,0,0,0.11,1
12/9/2019,2019,12,9,42.98,31.1,37.04,0,0,0,0,0
12/10/2019,2019,12,10,46.94,29.12,38.03,0,0,0,0,0
12/11/2019,2019,12,11,42.98,27.14,35.06,0,0,0,0,0
12/12/2019,2019,12,12,46.04,37.94,41.99,0.16,0,0,0,1
12/13/2019,2019,12,13,44.96,37.04,41,0.14,0,0,0,1
12/14/2019,2019,12,14,42.08,30.2,36.14,0.33,0,0,0.78,1
12/15/2019,2019,12,15,33.08,24.26,28.67,0,0,0,0,0
12/16/2019,2019,12,16,33.08,23.18,28.13,0.03,0,0,0.39,1
12/17/2019,2019,12,17,35.06,20.12,27.59,0,0,0,0,0
12/18/2019,2019,12,18,37.04,21.2,29.12,0,0,0,0,0
12/19/2019,2019,12,19,37.94,24.26,31.1,0,0,0,0,0
12/20/2019,2019,12,20,44.06,26.24,35.15,0,0,0,0,0
12/21/2019,2019,12,21,39.92,25.16,32.54,0,0,0,0,0
12/22/2019,2019,12,22,55.04,31.1,43.07,0,0,0,0,0
12/23/2019,2019,12,23,51.08,42.08,46.58,0,0,0,0,0
12/24/2019,2019,12,24,51.08,37.04,44.06,0.16,0,0,0,1
12/25/2019,2019,12,25,39.92,33.08,36.5,0.24,0,0,0.19,1
12/26/2019,2019,12,26,39.92,30.2,35.06,0.01,0,0,0.19,1
12/27/2019,2019,12,27,33.98,20.12,27.05,0,0,0,0,0
12/28/2019,2019,12,28,31.1,20.12,25.61,0,0,0,0,0
12/29/2019,2019,12,29,29.12,22.1,25.61,0,0,0,0,0
12/30/2019,2019,12,30,33.08,27.14,30.11,0.03,0,0,0.98,1
12/31/2019,2019,12,31,33.08,27.14,30.11,0,0,0,0,0
1/1/2020,2020,1,1,37.94,29.12,33.53,0.16,0,0,1.49,1
1/2/2020,2020,1,2,39.92,33.08,36.5,0.01,0,0,0,1
1/3/2020,2020,1,3,46.04,33.98,40.01,0,0,0,0,0
1/4/2020,2020,1,4,46.04,29.12,37.58,0,0,0,0,0
1/5/2020,2020,1,5,39.02,26.24,32.63,0,0,0,0,0
1/6/2020,2020,1,6,42.98,29.12,36.05,0,0,0,0,0
1/7/2020,2020,1,7,48.92,31.1,40.01,0,0,0,0,0
1/8/2020,2020,1,8,42.08,32,37.04,0.07,0,0,0.59,1
1/9/2020,2020,1,9,39.92,29.12,34.52,0.07,0,0,0.78,1
1/10/2020,2020,1,10,33.98,20.12,27.05,0.01,0,0,0.19,1
1/11/2020,2020,1,11,37.04,28.22,32.63,0.05,0,0,0.7,1
1/12/2020,2020,1,12,33.98,28.22,31.1,0.11,0,1.96,2.59,1
1/13/2020,2020,1,13,41,30.2,35.6,0.05,0,1.96,0.78,1
1/14/2020,2020,1,14,44.06,23.18,33.62,0.09,0,1.96,1.18,1
1/15/2020,2020,1,15,37.04,20.12,28.58,0,0,3.14,0,0
1/16/2020,2020,1,16,51.08,23.18,37.13,0,0,1.96,0,0
1/17/2020,2020,1,17,48.02,26.24,37.13,0.18,0,0,2.08,1
1/18/2020,2020,1,18,42.08,25.16,33.62,0,0,1.18,0,0
1/19/2020,2020,1,19,41,22.1,31.55,0,0,1.18,0,0
1/20/2020,2020,1,20,37.04,25.16,31.1,0,0,0,0,0
1/21/2020,2020,1,21,44.06,30.2,37.13,0.01,0,0,0,1
1/22/2020,2020,1,22,42.98,35.96,39.47,0.03,0,0,0,1
1/23/2020,2020,1,23,48.92,35.06,41.99,0.01,0,0,0,1
1/24/2020,2020,1,24,41,33.98,37.49,0.09,0,0,0,1
1/25/2020,2020,1,25,48.92,32,40.46,0,0,0,0,0
1/26/2020,2020,1,26,46.04,32,39.02,0.33,0,0,0,1
1/27/2020,2020,1,27,46.04,33.08,39.56,0.2,0,0,0.39,1
1/28/2020,2020,1,28,44.96,33.08,39.02,0,0,0,0,0
1/29/2020,2020,1,29,41,33.08,37.04,0.18,0,0,0.98,1
1/30/2020,2020,1,30,39.92,30.2,35.06,0.03,0,0,0.11,1
1/31/2020,2020,1,31,44.96,27.14,36.05,0,0,0,0,0
2/1/2020,2020,2,1,53.96,32,42.98,0,0,0,0,0
2/2/2020,2020,2,2,48.92,29.12,39.02,0.03,0,0,0.39,1
2/3/2020,2020,2,3,29.12,17.24,23.18,0.4,0,5.11,8.58,1
2/4/2020,2020,2,4,26.24,9.14,17.69,0,0,7.87,0,0
2/5/2020,2020,2,5,26.24,16.16,21.2,0.03,0,5.9,0,1
2/6/2020,2020,2,6,37.04,25.16,31.1,0.29,0,5.11,2.51,1
2/7/2020,2020,2,7,44.06,35.06,39.56,0.05,0,3.14,0,1
2/8/2020,2020,2,8,51.98,29.12,40.55,0,0,0,0,0
2/9/2020,2020,2,9,41,25.16,33.08,0,0,0,0,0
2/10/2020,2020,2,10,37.04,23.18,30.11,0,0,0,0,0
2/11/2020,2020,2,11,39.02,22.1,30.56,0,0,0,0,0
2/12/2020,2020,2,12,42.98,29.12,36.05,0,0,0,0,0
2/13/2020,2020,2,13,46.94,28.22,37.58,0,0,0,0,0
2/14/2020,2020,2,14,55.94,32,43.97,0,0,0,0,0
2/15/2020,2020,2,15,44.96,28.22,36.59,0,0,0,0,0
2/16/2020,2020,2,16,41,33.08,37.04,0.42,0,0,0,1
2/17/2020,2020,2,17,41,29.12,35.06,0,0,0,0,0
2/18/2020,2020,2,18,37.94,24.26,31.1,0,0,0,0,0
2/19/2020,2020,2,19,35.96,23.18,29.57,0,0,0,0,0
2/20/2020,2020,2,20,41,21.2,31.1,0,0,0,0,0
2/21/2020,2020,2,21,42.98,22.1,32.54,0,0,0,0,0
2/22/2020,2020,2,22,44.96,27.14,36.05,0,0,0,0,0
2/23/2020,2020,2,23,53.96,27.14,40.55,0,0,0,0,0
2/24/2020,2020,2,24,44.06,30.2,37.13,0,0,0,0,0
2/25/2020,2020,2,25,39.02,24.26,31.64,0,0,0,0,0
2/26/2020,2020,2,26,48.92,25.16,37.04,0,0,0,0,0
2/27/2020,2020,2,27,51.98,27.14,39.56,0,0,0,0,0
2/28/2020,2020,2,28,60.08,31.1,45.59,0,0,0,0,0
2/29/2020,2020,2,29,60.08,37.94,49.01,0,0,0,0,0
3/1/2020,2020,3,1,39.02,31.1,35.06,0.22,0,0,1.49,1
3/2/2020,2020,3,2,42.98,27.14,35.06,0,0,1.18,0,0
3/3/2020,2020,3,3,48.92,30.2,39.56,0,0,0,0,0
3/4/2020,2020,3,4,60.98,30.2,45.59,0,0,0,0,0
3/5/2020,2020,3,5,66.02,37.04,51.53,0,0,0,0,0
3/6/2020,2020,3,6,69.98,48.02,59,0,0,0,0,0
3/7/2020,2020,3,7,64.04,46.94,55.49,0,0,0,0,0
3/8/2020,2020,3,8,53.96,41,47.48,0.05,0,0,0,1
3/9/2020,2020,3,9,57.02,39.92,48.47,0,0,0,0,0
3/10/2020,2020,3,10,57.92,37.04,47.48,0,0,0,0,0
3/11/2020,2020,3,11,60.98,37.94,49.46,0,0,0,0,0
3/12/2020,2020,3,12,57.92,37.94,47.93,0,0,0,0,0
3/13/2020,2020,3,13,50,32,41,0,0,0,0,0
3/14/2020,2020,3,14,60.08,46.04,53.06,0,0,0,0,0
3/15/2020,2020,3,15,64.94,46.94,55.94,0,0,0,0,0
3/16/2020,2020,3,16,62.06,44.06,53.06,0,0,0,0,0
3/17/2020,2020,3,17,66.02,39.92,52.97,0,0,0,0,0
3/18/2020,2020,3,18,51.98,39.92,45.95,0.07,0,0,0,1
3/19/2020,2020,3,19,48.02,37.04,42.53,0.09,0,0,0,1
3/20/2020,2020,3,20,46.94,37.04,41.99,0.01,0,0,0,1
3/21/2020,2020,3,21,53.06,33.08,43.07,0,0,0,0,0
3/22/2020,2020,3,22,57.02,37.04,47.03,0,0,0,0,0
3/23/2020,2020,3,23,55.94,41,48.47,0.07,0,0,0,1
3/24/2020,2020,3,24,59,39.92,49.46,0.03,0,0,0,1
3/25/2020,2020,3,25,44.96,33.08,39.02,0.48,0,0,1.1,1
3/26/2020,2020,3,26,42.98,31.1,37.04,0.27,0,3.14,3.38,1
3/27/2020,2020,3,27,44.06,27.14,35.6,0.01,0,0,0,1
3/28/2020,2020,3,28,48.02,32,40.01,0.11,0,1.96,1.49,1
3/29/2020,2020,3,29,53.96,37.04,45.5,0,0,0,0,0
3/30/2020,2020,3,30,57.02,39.92,48.47,0.07,0,0,0,1
3/31/2020,2020,3,31,68,48.92,58.46,0,0,0,0,0
4/1/2020,2020,4,1,55.94,33.08,44.51,0.03,0,0,0,1
4/2/2020,2020,4,2,44.06,30.2,37.13,0,0,0,0,0
4/3/2020,2020,4,3,51.98,29.12,40.55,0,0,0,0,0
4/4/2020,2020,4,4,62.06,31.1,46.58,0,0,0,0,0
4/5/2020,2020,4,5,68,44.96,56.48,0,0,0,0,0
4/6/2020,2020,4,6,62.96,53.06,58.01,0,0,0,0,0
4/7/2020,2020,4,7,66.92,48.92,57.92,0,0,0,0,0
4/8/2020,2020,4,8,69.98,42.08,56.03,0,0,0,0,0
4/9/2020,2020,4,9,68,42.98,55.49,0,0,0,0,0
4/10/2020,2020,4,10,64.04,42.08,53.06,0,0,0,0,0
4/11/2020,2020,4,11,66.02,46.94,56.48,0,0,0,0,0
4/12/2020,2020,4,12,51.98,35.96,43.97,0,0,0,0,0
4/13/2020,2020,4,13,46.94,33.08,40.01,0,0,0,0,0
4/14/2020,2020,4,14,51.98,30.2,41.09,0,0,0,0,0
4/15/2020,2020,4,15,57.02,41,49.01,0.05,0,0,0,1
4/16/2020,2020,4,16,48.92,35.96,42.44,0.16,0,0,0,1
4/17/2020,2020,4,17,57.02,33.08,45.05,0,0,0,0,0
4/18/2020,2020,4,18,64.04,39.92,51.98,0,0,0,0,0
4/19/2020,2020,4,19,62.06,46.04,54.05,0,0,0,0,0
4/20/2020,2020,4,20,66.92,42.08,54.5,0,0,0,0,0
4/21/2020,2020,4,21,69.98,44.06,57.02,0,0,0,0,0
4/22/2020,2020,4,22,66.92,46.94,56.93,0,0,0,0,0
4/23/2020,2020,4,23,64.04,50,57.02,0,0,0,0,0
4/24/2020,2020,4,24,64.94,41,52.97,0,0,0,0,0
4/25/2020,2020,4,25,71.96,46.04,59,0,0,0,0,0
4/26/2020,2020,4,26,75.92,57.92,66.92,0,1.92,0,0,0
4/27/2020,2020,4,27,78.98,51.98,65.48,0,0.48,0,0,0
4/28/2020,2020,4,28,73.04,51.08,62.06,0,0,0,0,0
4/29/2020,2020,4,29,86,51.08,68.54,0,3.54,0,0,0
4/30/2020,2020,4,30,80.06,59,69.53,0,4.53,0,0,0
5/1/2020,2020,5,1,66.02,51.98,59,0,0,0,0,0
5/2/2020,2020,5,2,75.02,51.08,63.05,0,0,0,0,0
5/3/2020,2020,5,3,69.98,55.94,62.96,0,0,0,0,0
5/4/2020,2020,5,4,64.94,44.06,54.5,0,0,0,0,0
5/5/2020,2020,5,5,75.02,44.96,59.99,0,0,0,0,0
5/6/2020,2020,5,6,80.06,48.92,64.49,0,0,0,0,0
5/7/2020,2020,5,7,62.06,41,51.53,0,0,0,0,0
5/8/2020,2020,5,8,71.96,44.96,58.46,0,0,0,0,0
5/9/2020,2020,5,9,75.92,44.96,60.44,0,0,0,0,0
5/10/2020,2020,5,10,86,48.92,67.46,0,2.46,0,0,0
5/11/2020,2020,5,11,86,64.04,75.02,0,10.02,0,0,0
5/12/2020,2020,5,12,75.92,59,67.46,0,2.46,0,0,0
5/13/2020,2020,5,13,66.92,51.98,59.45,0,0,0,0,0
5/14/2020,2020,5,14,69.08,48.92,59,0,0,0,0,0
5/15/2020,2020,5,15,68,53.96,60.98,0,0,0,0,0
5/16/2020,2020,5,16,71.96,44.96,58.46,0,0,0,0,0
5/17/2020,2020,5,17,87.98,57.02,72.5,0,7.5,0,0,0
5/18/2020,2020,5,18,89.06,73.04,81.05,0,16.05,0,0,0
5/19/2020,2020,5,19,82.94,55.04,68.99,0,3.99,0,0,0
5/20/2020,2020,5,20,62.06,50,56.03,0.05,0,0,0,1
5/21/2020,2020,5,21,71.96,48.92,60.44,0.01,0,0,0,1
5/22/2020,2020,5,22,71.06,42.08,56.57,0.27,0,0,0,1
5/23/2020,2020,5,23,57.02,37.04,47.03,0.05,0,0,0,1
5/24/2020,2020,5,24,64.94,42.98,53.96,0,0,0,0,0
5/25/2020,2020,5,25,73.04,46.04,59.54,0,0,0,0,0
5/26/2020,2020,5,26,82.94,53.06,68,0,3,0,0,0
5/27/2020,2020,5,27,84.02,62.96,73.49,0,8.49,0,0,0
5/28/2020,2020,5,28,89.06,60.98,75.02,0,10.02,0,0,0
5/29/2020,2020,5,29,96.08,66.92,81.5,0,16.5,0,0,0
5/30/2020,2020,5,30,98.06,75.92,86.99,0,21.99,0,0,0
5/31/2020,2020,5,31,93.02,71.96,82.49,0,17.49,0,0,0
6/1/2020,2020,6,1,93.92,68,80.96,0,15.96,0,0,0
6/2/2020,2020,6,2,89.06,60.98,75.02,0,10.02,0,0,0
6/3/2020,2020,6,3,91.94,62.96,77.45,0,12.45,0,0,0
6/4/2020,2020,6,4,91.04,68,79.52,0,14.52,0,0,0
6/5/2020,2020,6,5,100.04,68,84.02,0,19.02,0,0,0
6/6/2020,2020,6,6,80.06,55.04,67.55,0.5,2.55,0,0,1
6/7/2020,2020,6,7,60.08,46.94,53.51,0.16,0,0,0,1
6/8/2020,2020,6,8,55.04,42.08,48.56,0.27,0,0,0,1
6/9/2020,2020,6,9,69.98,42.08,56.03,0,0,0,0,0
6/10/2020,2020,6,10,80.96,51.98,66.47,0,1.47,0,0,0
6/11/2020,2020,6,11,91.04,60.98,76.01,0,11.01,0,0,0
6/12/2020,2020,6,12,96.98,68,82.49,0,17.49,0,0,0
6/13/2020,2020,6,13,84.92,60.98,72.95,0,7.95,0,0,0
6/14/2020,2020,6,14,75.02,51.98,63.5,0,0,0,0,0
6/15/2020,2020,6,15,87.08,55.04,71.06,0,6.06,0,0,0
6/16/2020,2020,6,16,77,51.08,64.04,0.22,0,0,0,1
6/17/2020,2020,6,17,64.94,46.04,55.49,0.29,0,0,0,1
6/18/2020,2020,6,18,71.06,46.94,59,0,0,0,0,0
6/19/2020,2020,6,19,78.08,53.06,65.57,0,0.57,0,0,0
6/20/2020,2020,6,20,84.02,57.02,70.52,0,5.52,0,0,0
6/21/2020,2020,6,21,89.06,64.04,76.55,0,11.55,0,0,0
6/22/2020,2020,6,22,87.08,62.96,75.02,0,10.02,0,0,0
6/23/2020,2020,6,23,91.04,60.98,76.01,0,11.01,0,0,0
6/24/2020,2020,6,24,95,66.02,80.51,0,15.51,0,0,0
6/25/2020,2020,6,25,87.98,69.08,78.53,0,13.53,0,0,0
6/26/2020,2020,6,26,91.04,64.94,77.99,0,12.99,0,0,0
6/27/2020,2020,6,27,96.98,68,82.49,0,17.49,0,0,0
6/28/2020,2020,6,28,89.06,51.98,70.52,0.01,5.52,0,0,1
6/29/2020,2020,6,29,64.94,44.96,54.95,0.33,0,0,0,1
6/30/2020,2020,6,30,71.96,51.08,61.52,0.07,0,0,0,1
7/1/2020,2020,7,1,87.98,53.06,70.52,0,5.52,0,0,0
7/2/2020,2020,7,2,89.96,59,74.48,0,9.48,0,0,0
7/3/2020,2020,7,3,95,68,81.5,0,16.5,0,0,0
7/4/2020,2020,7,4,96.98,73.04,85.01,0,20.01,0,0,0
7/5/2020,2020,7,5,93.92,66.02,79.97,0,14.97,0,0,0
7/6/2020,2020,7,6,96.98,64.94,80.96,0,15.96,0,0,0
7/7/2020,2020,7,7,91.04,69.98,80.51,0,15.51,0,0,0
7/8/2020,2020,7,8,87.98,55.94,71.96,0,6.96,0,0,0
7/9/2020,2020,7,9,93.92,62.96,78.44,0,13.44,0,0,0
7/10/2020,2020,7,10,93.92,71.96,82.94,0,17.94,0,0,0
7/11/2020,2020,7,11,98.06,64.04,81.05,0,16.05,0,0,0
7/12/2020,2020,7,12,98.06,73.04,85.55,0,20.55,0,0,0
7/13/2020,2020,7,13,91.94,69.98,80.96,0,15.96,0,0,0
7/14/2020,2020,7,14,89.06,64.04,76.55,0,11.55,0,0,0
7/15/2020,2020,7,15,91.04,64.04,77.54,0,12.54,0,0,0
7/16/2020,2020,7,16,96.98,64.04,80.51,0,15.51,0,0,0
7/17/2020,2020,7,17,102.02,75.02,88.52,0,23.52,0,0,0
7/19/2020,2020,7,19,96.08,69.98,83.03,0,18.03,0,0,0
7/20/2020,2020,7,20,95,69.98,82.49,0,17.49,0,0,0
7/21/2020,2020,7,21,96.98,69.08,83.03,0,18.03,0,0,0
7/22/2020,2020,7,22,84.92,66.92,75.92,0.03,10.92,0,0,1
7/23/2020,2020,7,23,93.02,68,80.51,0,15.51,0,0,0
7/24/2020,2020,7,24,91.94,69.08,80.51,0,15.51,0,0,0
7/25/2020,2020,7,25,96.08,73.04,84.56,0,19.56,0,0,0
7/26/2020,2020,7,26,96.98,71.06,84.02,0,19.02,0,0,0
7/27/2020,2020,7,27,100.04,69.98,85.01,0,20.01,0,0,0
7/28/2020,2020,7,28,93.02,64.94,78.98,0.22,13.98,0,0,1
7/29/2020,2020,7,29,93.92,64.94,79.43,0,14.43,0,0,0
7/30/2020,2020,7,30,100.94,68,84.47,0,19.47,0,0,0
7/31/2020,2020,7,31,104,73.94,88.97,0,23.97,0,0,0
8/1/2020,2020,8,1,105.08,73.94,89.51,0,24.51,0,0,0
8/2/2020,2020,8,2,105.08,73.04,89.06,0,24.06,0,0,0
8/3/2020,2020,8,3,100.04,75.92,87.98,0,22.98,0,0,0
8/4/2020,2020,8,4,95,69.08,82.04,0,17.04,0,0,0
8/5/2020,2020,8,5,100.04,69.98,85.01,0,20.01,0,0,0
8/6/2020,2020,8,6,98.06,75.02,86.54,0,21.54,0,0,0
8/7/2020,2020,8,7,93.92,73.04,83.48,0,18.48,0,0,0
8/8/2020,2020,8,8,96.08,68,82.04,0,17.04,0,0,0
8/9/2020,2020,8,9,96.08,64.94,80.51,0,15.51,0,0,0
8/10/2020,2020,8,10,95,66.02,80.51,0,15.51,0,0,0
8/11/2020,2020,8,11,96.08,71.06,83.57,0,18.57,0,0,0
8/12/2020,2020,8,12,93.02,69.08,81.05,0,16.05,0,0,0
8/13/2020,2020,8,13,95,69.08,82.04,0,17.04,0,0,0
8/14/2020,2020,8,14,93.02,64.04,78.53,0,13.53,0,0,0
8/15/2020,2020,8,15,96.08,66.92,81.5,0,16.5,0,0,0
8/16/2020,2020,8,16,98.96,68,83.48,0,18.48,0,0,0
8/17/2020,2020,8,17,102.02,68,85.01,0,20.01,0,0,0
8/18/2020,2020,8,18,100.94,69.98,85.46,0,20.46,0,0,0
8/19/2020,2020,8,19,100.04,73.04,86.54,0,21.54,0,0,0
8/20/2020,2020,8,20,98.06,78.08,88.07,0,23.07,0,0,0
8/21/2020,2020,8,21,98.06,69.08,83.57,0,18.57,0,0,0
8/22/2020,2020,8,22,100.04,69.98,85.01,0,20.01,0,0,0
8/23/2020,2020,8,23,96.98,73.04,85.01,0,20.01,0,0,0
8/24/2020,2020,8,24,98.96,75.92,87.44,0,22.44,0,0,0
8/25/2020,2020,8,25,96.08,73.94,85.01,0.03,20.01,0,0,1
8/26/2020,2020,8,26,96.98,68,82.49,0.05,17.49,0,0,1
8/27/2020,2020,8,27,93.02,71.06,82.04,0,17.04,0,0,0
8/28/2020,2020,8,28,93.02,64.94,78.98,0,13.98,0,0,0
8/29/2020,2020,8,29,93.02,71.06,82.04,0,17.04,0,0,0
8/30/2020,2020,8,30,89.06,62.96,76.01,0,11.01,0,0,0
8/31/2020,2020,8,31,78.08,53.06,65.57,0,0.57,0,0,0
9/1/2020,2020,9,1,73.94,48.92,61.43,0,0,0,0,0
9/2/2020,2020,9,2,87.08,57.02,72.05,0,7.05,0,0,0
9/3/2020,2020,9,3,91.94,62.06,77,0,12,0,0,0
9/4/2020,2020,9,4,93.92,60.98,77.45,0,12.45,0,0,0
9/5/2020,2020,9,5,100.04,64.94,82.49,0,17.49,0,0,0
9/6/2020,2020,9,6,96.98,64.94,80.96,0,15.96,0,0,0
9/7/2020,2020,9,7,93.02,55.04,74.03,0,9.03,0,0,0
9/8/2020,2020,9,8,55.04,42.98,49.01,0.14,0,0,0,1
9/9/2020,2020,9,9,62.96,42.08,52.52,0,0,0,0,0
9/10/2020,2020,9,10,71.06,50,60.53,0,0,0,0,0
9/11/2020,2020,9,11,80.96,53.06,67.01,0,2.01,0,0,0
9/12/2020,2020,9,12,87.08,55.04,71.06,0,6.06,0,0,0
9/13/2020,2020,9,13,91.04,55.94,73.49,0,8.49,0,0,0
9/14/2020,2020,9,14,91.94,64.04,77.99,0,12.99,0,0,0
9/15/2020,2020,9,15,89.96,60.08,75.02,0,10.02,0,0,0
9/16/2020,2020,9,16,89.96,55.94,72.95,0,7.95,0,0,0
9/17/2020,2020,9,17,91.94,57.92,74.93,0,9.93,0,0,0
9/18/2020,2020,9,18,87.98,66.92,77.45,0,12.45,0,0,0
9/19/2020,2020,9,19,80.96,53.06,67.01,0.05,2.01,0,0,1
9/20/2020,2020,9,20,77,50,63.5,0,0,0,0,0
9/21/2020,2020,9,21,84.92,53.96,69.44,0,4.44,0,0,0
9/22/2020,2020,9,22,87.08,68,77.54,0,12.54,0,0,0
9/23/2020,2020,9,23,86,60.98,73.49,0,8.49,0,0,0
9/24/2020,2020,9,24,91.04,62.06,76.55,0,11.55,0,0,0
9/25/2020,2020,9,25,82.94,55.94,69.44,0,4.44,0,0,0
9/26/2020,2020,9,26,73.94,55.94,64.94,0,0,0,0,0
9/27/2020,2020,9,27,66.92,48.92,57.92,0,0,0,0,0
9/28/2020,2020,9,28,69.98,44.96,57.47,0,0,0,0,0
9/29/2020,2020,9,29,75.02,48.02,61.52,0,0,0,0,0
9/30/2020,2020,9,30,80.06,48.02,64.04,0,0,0,0,0
10/1/2020,2020,10,1,80.06,48.92,64.49,0,0,0,0,0
10/2/2020,2020,10,2,78.08,51.98,65.03,0,0.03,0,0,0
10/3/2020,2020,10,3,78.98,50,64.49,0,0,0,0,0
10/4/2020,2020,10,4,82.94,51.98,67.46,0,2.46,0,0,0
10/5/2020,2020,10,5,80.96,53.06,67.01,0,2.01,0,0,0
10/6/2020,2020,10,6,82.04,50,66.02,0,1.02,0,0,0
10/7/2020,2020,10,7,84.02,51.08,67.55,0,2.55,0,0,0
10/8/2020,2020,10,8,84.92,55.04,69.98,0,4.98,0,0,0
10/9/2020,2020,10,9,82.94,53.96,68.45,0,3.45,0,0,0
10/10/2020,2020,10,10,84.92,57.02,70.97,0,5.97,0,0,0
10/11/2020,2020,10,11,66.92,44.96,55.94,0.18,0,0,0,1
10/12/2020,2020,10,12,73.94,44.96,59.45,0,0,0,0,0
10/13/2020,2020,10,13,78.98,48.02,63.5,0,0,0,0,0
10/14/2020,2020,10,14,66.92,48.02,57.47,0,0,0,0,0
10/15/2020,2020,10,15,59,42.08,50.54,0,0,0,0,0
10/16/2020,2020,10,16,64.04,39.02,51.53,0,0,0,0,0
10/17/2020,2020,10,17,73.04,48.92,60.98,0,0,0,0,0
10/18/2020,2020,10,18,73.04,48.02,60.53,0,0,0,0,0
10/19/2020,2020,10,19,73.94,48.02,60.98,0,0,0,0,0
10/20/2020,2020,10,20,71.96,48.92,60.44,0,0,0,0,0
10/21/2020,2020,10,21,73.04,46.04,59.54,0,0,0,0,0
10/22/2020,2020,10,22,53.96,35.06,44.51,0,0,0,0,0
10/23/2020,2020,10,23,50,32,41,0,0,0,0,0
10/24/2020,2020,10,24,62.96,33.08,48.02,0,0,0,0,0
10/25/2020,2020,10,25,48.02,21.2,34.61,0.09,0,0,0.98,1
10/26/2020,2020,10,26,37.04,19.22,28.13,0,0,0,0,0
10/27/2020,2020,10,27,44.96,24.26,34.61,0,0,0,0,0
10/28/2020,2020,10,28,53.96,30.2,42.08,0,0,0,0,0
10/29/2020,2020,10,29,62.06,33.98,48.02,0,0,0,0,0
10/30/2020,2020,10,30,68,37.04,52.52,0,0,0,0,0
10/31/2020,2020,10,31,64.94,37.94,51.44,0,0,0,0,0
11/1/2020,2020,11,1,64.94,37.04,50.99,0,0,0,0,0
11/2/2020,2020,11,2,64.94,37.04,50.99,0,0,0,0,0
11/3/2020,2020,11,3,69.98,41,55.49,0,0,0,0,0
11/4/2020,2020,11,4,73.04,42.08,57.56,0,0,0,0,0
11/5/2020,2020,11,5,73.94,44.06,59,0,0,0,0,0
11/6/2020,2020,11,6,75.02,55.04,65.03,0,0.03,0,0,0
11/7/2020,2020,11,7,69.98,41,55.49,0.05,0,0,0,1
11/8/2020,2020,11,8,44.06,28.22,36.14,0.4,0,0,3.7,1
11/9/2020,2020,11,9,35.96,27.14,31.55,0,0,3.14,0,0
11/10/2020,2020,11,10,39.02,29.12,34.07,0.01,0,1.96,0,1
11/11/2020,2020,11,11,39.92,30.2,35.06,0.11,0,0,0.7,1
11/12/2020,2020,11,12,42.08,26.24,34.16,0,0,1.18,0,0
11/13/2020,2020,11,13,51.98,27.14,39.56,0.05,0,0,0,1
11/14/2020,2020,11,14,42.98,33.98,38.48,0.03,0,0,0,1
11/15/2020,2020,11,15,53.06,37.04,45.05,0,0,0,0,0
11/16/2020,2020,11,16,62.06,33.08,47.57,0,0,0,0,0
11/17/2020,2020,11,17,69.98,42.98,56.48,0,0,0,0,0
11/18/2020,2020,11,18,69.08,48.02,58.55,0,0,0,0,0
11/19/2020,2020,11,19,51.98,35.06,43.52,0,0,0,0,0
11/20/2020,2020,11,20,48.02,32,40.01,0,0,0,0,0
11/21/2020,2020,11,21,46.04,28.22,37.13,0,0,0,0,0
11/22/2020,2020,11,22,44.06,24.26,34.16,0,0,0,0,0
11/23/2020,2020,11,23,41,24.26,32.63,0,0,0,0,0
11/24/2020,2020,11,24,42.08,26.24,34.16,0,0,0,0,0
11/25/2020,2020,11,25,48.92,29.12,39.02,0.01,0,0,0.19,1
11/26/2020,2020,11,26,39.92,26.24,33.08,0.01,0,0,0.11,1
11/27/2020,2020,11,27,39.02,21.2,30.11,0,0,0,0,0
11/28/2020,2020,11,28,44.96,24.26,34.61,0,0,0,0,0
11/29/2020,2020,11,29,42.08,22.1,32.09,0,0,0,0,0
11/30/2020,2020,11,30,46.94,21.2,34.07,0,0,0,0,0
12/1/2020,2020,12,1,39.92,25.16,32.54,0,0,0,0,0
12/2/2020,2020,12,2,41,21.2,31.1,0,0,0,0,0
12/3/2020,2020,12,3,39.02,20.12,29.57,0,0,0,0,0
12/4/2020,2020,12,4,37.04,18.14,27.59,0,0,0,0,0
12/5/2020,2020,12,5,39.92,19.22,29.57,0,0,0,0,0
12/6/2020,2020,12,6,42.08,19.22,30.65,0,0,0,0,0
12/7/2020,2020,12,7,42.98,19.22,31.1,0,0,0,0,0
12/8/2020,2020,12,8,42.08,20.12,31.1,0,0,0,0,0
12/9/2020,2020,12,9,39.02,19.22,29.12,0,0,0,0,0
12/10/2020,2020,12,10,35.96,20.12,28.04,0,0,0,0,0
12/11/2020,2020,12,11,35.06,20.12,27.59,0,0,0,0,0
12/12/2020,2020,12,12,32,18.14,25.07,0.07,0,0,0.7,1
12/13/2020,2020,12,13,31.1,16.16,23.63,0,0,0,0,0
12/14/2020,2020,12,14,28.22,23.18,25.7,0.05,0,0,0.78,1
12/15/2020,2020,12,15,35.06,20.12,27.59,0,0,1.18,0,0
12/16/2020,2020,12,16,42.98,28.22,35.6,0,0,0,0,0
12/17/2020,2020,12,17,37.94,30.2,34.07,0.2,0,0,0.31,1
12/18/2020,2020,12,18,35.06,30.2,32.63,0,0,0,0,0
12/19/2020,2020,12,19,42.08,25.16,33.62,0,0,0,0,0
12/20/2020,2020,12,20,42.08,27.14,34.61,0,0,0,0,0
12/21/2020,2020,12,21,53.06,35.06,44.06,0,0,0,0,0
12/22/2020,2020,12,22,48.92,30.2,39.56,0,0,0,0,0
12/23/2020,2020,12,23,32,21.2,26.6,0,0,0,0,0
12/24/2020,2020,12,24,37.04,19.22,28.13,0,0,0,0,0
12/25/2020,2020,12,25,35.96,17.24,26.6,0,0,0,0,0
12/26/2020,2020,12,26,33.08,20.12,26.6,0,0,0,0,0
12/27/2020,2020,12,27,39.02,22.1,30.56,0,0,0,0,0
12/28/2020,2020,12,28,35.06,21.2,28.13,0,0,0,0,0
12/29/2020,2020,12,29,33.08,17.24,25.16,0,0,0,0,0
12/30/2020,2020,12,30,33.08,18.14,25.61,0,0,0,0,0
12/31/2020,2020,12,31,33.98,26.24,30.11,0,0,0,0,0
1/1/2021,2021,1,1,32,17.24,24.62,0,0,0,0,0
1/2/2021,2021,1,2,39.02,23.18,31.1,0,0,0,0,0
1/3/2021,2021,1,3,35.96,24.26,30.11,0.01,0,0,0.19,1
1/4/2021,2021,1,4,44.96,26.24,35.6,0,0,0,0,0
1/5/2021,2021,1,5,42.98,27.14,35.06,0.05,0,0,0,1
1/6/2021,2021,1,6,42.98,24.26,33.62,0,0,0,0,0
1/7/2021,2021,1,7,42.98,21.2,32.09,0,0,0,0,0
1/8/2021,2021,1,8,42.98,22.1,32.54,0,0,0,0,0
1/9/2021,2021,1,9,37.94,24.26,31.1,0,0,0,0,0
1/10/2021,2021,1,10,37.04,20.12,28.58,0,0,0,0,0
1/11/2021,2021,1,11,35.96,18.14,27.05,0,0,0,0,0
1/12/2021,2021,1,12,39.02,18.14,28.58,0,0,0,0,0
1/13/2021,2021,1,13,51.98,27.14,39.56,0,0,0,0,0
1/14/2021,2021,1,14,42.98,23.18,33.08,0,0,0,0,0
1/15/2021,2021,1,15,46.94,23.18,35.06,0,0,0,0,0
1/16/2021,2021,1,16,44.96,28.22,36.59,0.01,0,0,0,1
1/17/2021,2021,1,17,46.94,24.26,35.6,0,0,0,0,0
1/18/2021,2021,1,18,39.92,26.24,33.08,0,0,0,0,0
1/19/2021,2021,1,19,44.06,22.1,33.08,0,0,0,0,0
1/20/2021,2021,1,20,42.08,21.2,31.64,0,0,0,0,0
1/21/2021,2021,1,21,42.98,21.2,32.09,0,0,0,0,0
1/22/2021,2021,1,22,50,26.24,38.12,0.01,0,0,0,1
1/23/2021,2021,1,23,39.92,29.12,34.52,0.31,0,0,1.18,1
1/24/2021,2021,1,24,30.2,26.24,28.22,0.05,0,1.96,0.78,1
1/25/2021,2021,1,25,33.08,20.12,26.6,0.01,0,1.96,0.19,1
1/26/2021,2021,1,26,31.1,21.2,26.15,0,0,1.18,0,0
1/27/2021,2021,1,27,37.04,28.22,32.63,0,0,0,0,0
1/28/2021,2021,1,28,48.92,35.96,42.44,0,0,0,0,0
1/29/2021,2021,1,29,51.98,32,41.99,0.35,0,0,0,1
1/30/2021,2021,1,30,42.98,32,37.49,0.03,0,0,0,1
1/31/2021,2021,1,31,46.94,27.14,37.04,0,0,0,0,0
2/1/2021,2021,2,1,46.94,26.24,36.59,0,0,0,0,0
2/2/2021,2021,2,2,50,28.22,39.11,0,0,0,0,0
2/3/2021,2021,2,3,51.08,30.2,40.64,0.16,0,0,0.39,1
2/4/2021,2021,2,4,37.94,31.1,34.52,0,0,0,0,0
2/5/2021,2021,2,5,35.96,32,33.98,0.09,0,0,0.98,1
2/6/2021,2021,2,6,48.92,28.22,38.57,0,0,0,0,0
2/7/2021,2021,2,7,55.04,30.2,42.62,0,0,0,0,0
2/8/2021,2021,2,8,53.06,31.1,42.08,0,0,0,0,0
2/9/2021,2021,2,9,48.02,33.98,41,0,0,0,0,0
2/10/2021,2021,2,10,53.06,39.02,46.04,0.01,0,0,0,1
2/11/2021,2021,2,11,53.06,35.06,44.06,0,0,0,0,0
2/12/2021,2021,2,12,48.92,41,44.96,0.16,0,0,0,1
2/13/2021,2021,2,13,42.08,28.22,35.15,0.44,0,0,0.98,1
2/14/2021,2021,2,14,35.96,24.26,30.11,0.03,0,1.18,0,1
2/15/2021,2021,2,15,35.96,31.1,33.53,0.03,0,0,0,1
2/16/2021,2021,2,16,37.94,29.12,33.53,0.25,0,0,1.61,1
2/17/2021,2021,2,17,35.06,19.22,27.14,0.44,0,5.9,11.69,1
2/18/2021,2021,2,18,35.96,20.12,28.04,0,0,5.9,0,0
2/19/2021,2021,2,19,44.06,29.12,36.59,0,0,3.93,0,0
2/20/2021,2021,2,20,44.06,32,38.03,0.01,0,1.18,0,1
2/21/2021,2021,2,21,41,30.2,35.6,0,0,0,0,0
2/22/2021,2021,2,22,48.92,32,40.46,0,0,0,0,0
2/23/2021,2021,2,23,46.94,30.2,38.57,0,0,0,0,0
2/24/2021,2021,2,24,39.02,24.26,31.64,0.03,0,0,0.7,1
2/25/2021,2021,2,25,39.02,22.1,30.56,0,0,0,0,0
2/26/2021,2021,2,26,44.06,29.12,36.59,0.01,0,0,0.19,1
2/27/2021,2021,2,27,35.06,26.24,30.65,0.01,0,0,0.19,1
2/28/2021,2021,2,28,37.04,24.26,30.65,0,0,0,0,0
3/1/2021,2021,3,1,46.94,24.26,35.6,0,0,0,0,0
3/2/2021,2021,3,2,55.94,26.24,41.09,0,0,0,0,0
3/3/2021,2021,3,3,62.96,32,47.48,0,0,0,0,0
3/4/2021,2021,3,4,57.02,41,49.01,0,0,0,0,0
3/5/2021,2021,3,5,62.06,33.98,48.02,0,0,0,0,0
3/6/2021,2021,3,6,69.98,41,55.49,0,0,0,0,0
3/7/2021,2021,3,7,60.08,33.98,47.03,0,0,0,0,0
3/8/2021,2021,3,8,69.98,44.06,57.02,0,0,0,0,0
3/9/2021,2021,3,9,46.94,35.96,41.45,0,0,0,0,0
3/10/2021,2021,3,10,48.92,33.98,41.45,0,0,0,0,0
3/11/2021,2021,3,11,46.04,31.1,38.57,0,0,0,0,0
3/12/2021,2021,3,12,51.98,25.16,38.57,0,0,0,0,0
3/13/2021,2021,3,13,44.96,35.96,40.46,0.01,0,0,0,1
3/14/2021,2021,3,14,57.02,35.96,46.49,0,0,0,0,0
3/15/2021,2021,3,15,62.06,41,51.53,0,0,0,0,0
3/16/2021,2021,3,16,57.02,42.08,49.55,0.03,0,0,0,1
3/17/2021,2021,3,17,57.02,37.94,47.48,0,0,0,0,0
3/18/2021,2021,3,18,64.94,44.96,54.95,0,0,0,0,0
3/19/2021,2021,3,19,71.06,46.04,58.55,0,0,0,0,0
3/20/2021,2021,3,20,60.98,37.94,49.46,0.85,0,0,0,1
3/21/2021,2021,3,21,42.98,29.12,36.05,0.25,0,0,0,1
3/22/2021,2021,3,22,44.96,29.12,37.04,0.01,0,0,0,1
3/23/2021,2021,3,23,46.94,30.2,38.57,0.01,0,0,0,1
3/24/2021,2021,3,24,48.02,31.1,39.56,0,0,0,0,0
3/25/2021,2021,3,25,48.02,32,40.01,0.33,0,1.18,1.18,1
3/26/2021,2021,3,26,48.02,33.08,40.55,0.05,0,1.18,0,1
3/27/2021,2021,3,27,53.96,32,42.98,0,0,0,0,0
3/28/2021,2021,3,28,66.92,39.02,52.97,0,0,0,0,0
3/29/2021,2021,3,29,57.02,29.12,43.07,0,0,0,0,0
3/30/2021,2021,3,30,42.98,26.24,34.61,0,0,0,0,0
3/31/2021,2021,3,31,53.96,30.2,42.08,0,0,0,0,0
4/1/2021,2021,4,1,66.02,33.08,49.55,0,0,0,0,0
4/2/2021,2021,4,2,75.02,39.02,57.02,0,0,0,0,0
4/3/2021,2021,4,3,78.98,46.04,62.51,0,0,0,0,0
4/4/2021,2021,4,4,78.98,51.98,65.48,0,0.48,0,0,0
4/5/2021,2021,4,5,73.94,41,57.47,0.05,0,0,0,1
4/6/2021,2021,4,6,50,33.98,41.99,0.09,0,0,0,1
4/7/2021,2021,4,7,64.04,35.96,50,0,0,0,0,0
4/8/2021,2021,4,8,64.94,42.98,53.96,0,0,0,0,0
4/9/2021,2021,4,9,57.02,33.98,45.5,0,0,0,0,0
4/10/2021,2021,4,10,69.08,39.02,54.05,0,0,0,0,0
4/11/2021,2021,4,11,53.96,39.02,46.49,0,0,0,0,0
4/12/2021,2021,4,12,55.04,32,43.52,0,0,0,0,0
4/13/2021,2021,4,13,57.02,35.96,46.49,0,0,0,0,0
4/14/2021,2021,4,14,50,37.94,43.97,0.31,0,0,0,1
4/15/2021,2021,4,15,46.94,33.98,40.46,0.27,0,0,0,1
4/16/2021,2021,4,16,51.98,35.96,43.97,0.25,0,0,0,1
4/17/2021,2021,4,17,57.02,39.02,48.02,0,0,0,0,0
4/18/2021,2021,4,18,64.04,37.04,50.54,0,0,0,0,0
4/19/2021,2021,4,19,66.02,39.92,52.97,0,0,0,0,0
4/20/2021,2021,4,20,59,33.08,46.04,0,0,0,0,0
4/21/2021,2021,4,21,57.92,44.06,50.99,0,0,0,0,0
4/22/2021,2021,4,22,64.04,37.04,50.54,0,0,0,0,0
4/23/2021,2021,4,23,64.94,46.94,55.94,0,0,0,0,0
4/24/2021,2021,4,24,69.08,48.92,59,0,0,0,0,0
4/25/2021,2021,4,25,62.06,48.92,55.49,0,0,0,0,0
4/26/2021,2021,4,26,48.92,39.02,43.97,0.79,0,0,0,1
4/27/2021,2021,4,27,55.94,37.04,46.49,0,0,0,0,0
4/28/2021,2021,4,28,64.04,39.92,51.98,0,0,0,0,0
4/29/2021,2021,4,29,73.04,42.98,58.01,0,0,0,0,0
4/30/2021,2021,4,30,84.02,50,67.01,0,2.01,0,0,0
5/1/2021,2021,5,1,82.04,59,70.52,0,5.52,0,0,0
5/2/2021,2021,5,2,64.94,50,57.47,0,0,0,0,0
5/3/2021,2021,5,3,64.94,48.92,56.93,0,0,0,0,0
5/4/2021,2021,5,4,69.08,46.94,58.01,0,0,0,0,0
5/5/2021,2021,5,5,71.96,48.02,59.99,0,0,0,0,0
5/6/2021,2021,5,6,87.08,48.92,68,0,3,0,0,0
5/7/2021,2021,5,7,86,55.94,70.97,0.01,5.97,0,0,1
5/8/2021,2021,5,8,59,46.04,52.52,0,0,0,0,0
5/9/2021,2021,5,9,60.98,41,50.99,0,0,0,0,0
5/10/2021,2021,5,10,60.98,44.06,52.52,0.07,0,0,0,1
5/11/2021,2021,5,11,64.04,41,52.52,0,0,0,0,0
5/12/2021,2021,5,12,75.02,44.96,59.99,0,0,0,0,0
5/13/2021,2021,5,13,84.02,51.98,68,0,3,0,0,0
5/14/2021,2021,5,14,84.92,59,71.96,0,6.96,0,0,0
5/15/2021,2021,5,15,82.04,60.08,71.06,0,6.06,0,0,0
5/16/2021,2021,5,16,78.08,53.96,66.02,0,1.02,0,0,0
5/17/2021,2021,5,17,73.94,50,61.97,0,0,0,0,0
5/18/2021,2021,5,18,82.04,57.02,69.53,0,4.53,0,0,0
5/19/2021,2021,5,19,84.92,57.92,71.42,0,6.42,0,0,0
5/20/2021,2021,5,20,73.94,53.96,63.95,0,0,0,0,0
5/21/2021,2021,5,21,66.02,48.92,57.47,0.05,0,0,0,1
5/22/2021,2021,5,22,69.08,42.98,56.03,0,0,0,0,0
5/23/2021,2021,5,23,62.06,42.98,52.52,0.51,0,0,0,1
5/24/2021,2021,5,24,69.08,44.96,57.02,0,0,0,0,0
5/25/2021,2021,5,25,77,50,63.5,0,0,0,0,0
5/26/2021,2021,5,26,71.96,51.98,61.97,0,0,0,0,0
5/27/2021,2021,5,27,82.04,48.92,65.48,0,0.48,0,0,0
5/28/2021,2021,5,28,82.94,57.92,70.43,0,5.43,0,0,0
5/29/2021,2021,5,29,78.98,55.94,67.46,0,2.46,0,0,0
5/30/2021,2021,5,30,80.96,55.04,68,0,3,0,0,0
5/31/2021,2021,5,31,84.92,55.94,70.43,0,5.43,0,0,0
6/1/2021,2021,6,1,87.98,59,73.49,0,8.49,0,0,0
6/2/2021,2021,6,2,91.04,62.06,76.55,0,11.55,0,0,0
6/3/2021,2021,6,3,96.98,64.94,80.96,0,15.96,0,0,0
6/4/2021,2021,6,4,100.04,68,84.02,0,19.02,0,0,0
6/5/2021,2021,6,5,96.98,69.08,83.03,0,18.03,0,0,0
6/6/2021,2021,6,6,91.94,66.02,78.98,0,13.98,0,0,0
6/7/2021,2021,6,7,93.92,64.04,78.98,0,13.98,0,0,0
6/8/2021,2021,6,8,89.96,73.04,81.5,0,16.5,0,0,0
6/9/2021,2021,6,9,91.04,71.06,81.05,0,16.05,0,0,0
6/10/2021,2021,6,10,78.98,51.98,65.48,0,0.48,0,0,0
6/11/2021,2021,6,11,78.98,46.04,62.51,0,0,0,0,0
6/12/2021,2021,6,12,91.04,55.04,73.04,0,8.04,0,0,0
6/13/2021,2021,6,13,102.02,60.98,81.5,0,16.5,0,0,0
6/14/2021,2021,6,14,102.92,71.06,86.99,0,21.99,0,0,0
6/15/2021,2021,6,15,107.06,75.02,91.04,0,26.04,0,0,0
6/16/2021,2021,6,16,96.98,71.06,84.02,0,19.02,0,0,0
6/17/2021,2021,6,17,96.08,69.08,82.58,0,17.58,0,0,0
6/18/2021,2021,6,18,100.94,68,84.47,0,19.47,0,0,0
6/19/2021,2021,6,19,100.04,78.08,89.06,0,24.06,0,0,0
6/20/2021,2021,6,20,96.08,69.98,83.03,0,18.03,0,0,0
6/21/2021,2021,6,21,95,64.04,79.52,0,14.52,0,0,0
6/22/2021,2021,6,22,100.04,71.96,86,0,21,0,0,0
6/23/2021,2021,6,23,95,75.02,85.01,0,20.01,0,0,0
6/24/2021,2021,6,24,82.04,64.04,73.04,0.09,8.04,0,0,1
6/25/2021,2021,6,25,87.08,64.04,75.56,0,10.56,0,0,0
6/26/2021,2021,6,26,89.06,62.96,76.01,0,11.01,0,0,0
6/27/2021,2021,6,27,91.04,69.98,80.51,0,15.51,0,0,0
6/28/2021,2021,6,28,93.02,71.06,82.04,0,17.04,0,0,0
6/29/2021,2021,6,29,95,73.04,84.02,0,19.02,0,0,0
6/30/2021,2021,6,30,89.96,71.96,80.96,0,15.96,0,0,0
7/1/2021,2021,7,1,93.92,69.08,81.5,0,16.5,0,0,0
7/2/2021,2021,7,2,96.08,75.02,85.55,0,20.55,0,0,0
7/3/2021,2021,7,3,100.04,73.04,86.54,0,21.54,0,0,0
7/4/2021,2021,7,4,100.04,71.96,86,0.01,21,0,0,1
7/5/2021,2021,7,5,96.98,73.04,85.01,0,20.01,0,0,0
7/6/2021,2021,7,6,98.96,69.08,84.02,0,19.02,0,0,0
7/7/2021,2021,7,7,104,75.92,89.96,0,24.96,0,0,0
7/8/2021,2021,7,8,102.92,75.02,88.97,0,23.97,0,0,0
7/9/2021,2021,7,9,100.94,73.94,87.44,0,22.44,0,0,0
7/10/2021,2021,7,10,96.98,66.92,81.95,0,16.95,0,0,0
7/11/2021,2021,7,11,104,71.96,87.98,0,22.98,0,0,0
7/12/2021,2021,7,12,102.92,73.04,87.98,0,22.98,0,0,0
7/13/2021,2021,7,13,104,82.04,93.02,0,28.02,0,0,0
7/14/2021,2021,7,14,96.08,78.08,87.08,0,22.08,0,0,0
7/15/2021,2021,7,15,98.06,75.02,86.54,0,21.54,0,0,0
7/16/2021,2021,7,16,98.96,73.94,86.45,0,21.45,0,0,0
7/17/2021,2021,7,17,100.04,73.04,86.54,0,21.54,0,0,0
7/18/2021,2021,7,18,104,75.02,89.51,0,24.51,0,0,0
7/19/2021,2021,7,19,96.98,78.08,87.53,0,22.53,0,0,0
7/20/2021,2021,7,20,96.08,75.92,86,0,21,0,0,0
7/21/2021,2021,7,21,98.96,73.94,86.45,0.05,21.45,0,0,1
7/22/2021,2021,7,22,98.96,71.06,85.01,0.33,20.01,0,0,1
7/23/2021,2021,7,23,95,71.96,83.48,0,18.48,0,0,0
7/24/2021,2021,7,24,98.06,66.92,82.49,0,17.49,0,0,0
7/25/2021,2021,7,25,96.98,71.06,84.02,0,19.02,0,0,0
7/27/2021,2021,7,27,93.92,77,85.46,0,20.46,0,0,0
7/28/2021,2021,7,28,96.08,73.94,85.01,0,20.01,0,0,0
7/29/2021,2021,7,29,93.02,69.98,81.5,0.01,16.5,0,0,1
7/30/2021,2021,7,30,89.06,66.92,77.99,0.11,12.99,0,0,1
7/31/2021,2021,7,31,96.08,71.96,84.02,0,19.02,0,0,0
8/1/2021,2021,8,1,89.96,66.92,78.44,0.18,13.44,0,0,1
8/2/2021,2021,8,2,82.04,64.94,73.49,0.35,8.49,0,0,1
8/3/2021,2021,8,3,87.98,62.96,75.47,0,10.47,0,0,0
8/4/2021,2021,8,4,93.92,66.02,79.97,0,14.97,0,0,0
8/5/2021,2021,8,5,100.94,71.06,86,0,21,0,0,0
8/6/2021,2021,8,6,89.96,66.02,77.99,0,12.99,0,0,0
8/7/2021,2021,8,7,87.08,62.06,74.57,0,9.57,0,0,0
8/8/2021,2021,8,8,96.98,66.92,81.95,0,16.95,0,0,0
8/9/2021,2021,8,9,87.08,66.92,77,0,12,0,0,0
8/10/2021,2021,8,10,89.96,62.96,76.46,0,11.46,0,0,0
8/11/2021,2021,8,11,93.02,62.96,77.99,0,12.99,0,0,0
8/12/2021,2021,8,12,96.98,66.02,81.5,0,16.5,0,0,0
8/13/2021,2021,8,13,100.94,71.06,86,0,21,0,0,0
8/14/2021,2021,8,14,100.04,71.06,85.55,0,20.55,0,0,0
8/15/2021,2021,8,15,93.92,71.96,82.94,0,17.94,0,0,0
8/16/2021,2021,8,16,98.06,66.92,82.49,0,17.49,0,0,0
8/17/2021,2021,8,17,96.98,71.06,84.02,0.09,19.02,0,0,1
8/18/2021,2021,8,18,75.92,53.06,64.49,0.81,0,0,0,1
8/19/2021,2021,8,19,64.04,50,57.02,0.33,0,0,0,1
8/20/2021,2021,8,20,77,53.96,65.48,0,0.48,0,0,0
8/21/2021,2021,8,21,87.08,57.02,72.05,0.51,7.05,0,0,1
8/22/2021,2021,8,22,82.04,57.02,69.53,0,4.53,0,0,0
8/23/2021,2021,8,23,91.94,66.92,79.43,0,14.43,0,0,0
8/24/2021,2021,8,24,91.04,69.08,80.06,0,15.06,0,0,0
8/25/2021,2021,8,25,93.92,66.92,80.42,0,15.42,0,0,0
8/26/2021,2021,8,26,87.98,64.94,76.46,0,11.46,0,0,0
8/27/2021,2021,8,27,86,60.08,73.04,0,8.04,0,0,0
8/28/2021,2021,8,28,82.94,59,70.97,0,5.97,0,0,0
8/29/2021,2021,8,29,87.08,59,73.04,0,8.04,0,0,0
8/30/2021,2021,8,30,91.04,62.96,77,0,12,0,0,0
8/31/2021,2021,8,31,93.02,64.04,78.53,0,13.53,0,0,0
9/1/2021,2021,9,1,84.92,69.98,77.45,0,12.45,0,0,0
9/2/2021,2021,9,2,87.08,66.92,77,0,12,0,0,0
9/3/2021,2021,9,3,82.04,62.06,72.05,0,7.05,0,0,0
9/4/2021,2021,9,4,87.98,55.04,71.51,0,6.51,0,0,0
9/5/2021,2021,9,5,91.04,60.08,75.56,0,10.56,0,0,0
9/6/2021,2021,9,6,93.02,62.06,77.54,0,12.54,0,0,0
9/7/2021,2021,9,7,93.02,60.98,77,0,12,0,0,0
9/8/2021,2021,9,8,93.02,59,76.01,0,11.01,0,0,0
9/9/2021,2021,9,9,96.98,62.96,79.97,0,14.97,0,0,0
9/10/2021,2021,9,10,93.92,68,80.96,0.01,15.96,0,0,1
9/11/2021,2021,9,11,80.06,62.06,71.06,0.09,6.06,0,0,1
9/12/2021,2021,9,12,87.98,60.98,74.48,0,9.48,0,0,0
9/13/2021,2021,9,13,84.92,62.06,73.49,0,8.49,0,0,0
9/14/2021,2021,9,14,84.02,59,71.51,0,6.51,0,0,0
9/15/2021,2021,9,15,89.06,59,74.03,0,9.03,0,0,0
9/16/2021,2021,9,16,84.92,60.98,72.95,0,7.95,0,0,0
9/17/2021,2021,9,17,87.98,57.02,72.5,0,7.5,0,0,0
9/18/2021,2021,9,18,78.08,62.96,70.52,0.03,5.52,0,0,1
9/19/2021,2021,9,19,80.06,50,65.03,0,0.03,0,0,0
9/20/2021,2021,9,20,64.94,46.04,55.49,0,0,0,0,0
9/21/2021,2021,9,21,73.04,44.06,58.55,0,0,0,0,0
9/22/2021,2021,9,22,80.06,48.92,64.49,0,0,0,0,0
9/23/2021,2021,9,23,78.98,53.06,66.02,0,1.02,0,0,0
9/24/2021,2021,9,24,80.06,53.96,67.01,0,2.01,0,0,0
9/25/2021,2021,9,25,87.08,55.94,71.51,0,6.51,0,0,0
9/26/2021,2021,9,26,87.08,57.92,72.5,0,7.5,0,0,0
9/27/2021,2021,9,27,87.98,59,73.49,0,8.49,0,0,0
9/28/2021,2021,9,28,73.94,50,61.97,0.03,0,0,0,1
9/29/2021,2021,9,29,60.98,42.98,51.98,0,0,0,0,0
9/30/2021,2021,9,30,68,42.08,55.04,0,0,0,0,0
10/1/2021,2021,10,1,71.96,46.94,59.45,0,0,0,0,0
10/2/2021,2021,10,2,75.02,51.08,63.05,0,0,0,0,0
10/3/2021,2021,10,3,78.98,48.92,63.95,0,0,0,0,0
10/4/2021,2021,10,4,82.04,53.06,67.55,0,2.55,0,0,0
10/5/2021,2021,10,5,80.96,60.98,70.97,0.01,5.97,0,0,1
10/6/2021,2021,10,6,71.06,55.94,63.5,0.14,0,0,0,1
10/7/2021,2021,10,7,71.06,53.96,62.51,0,0,0,0,0
10/9/2021,2021,10,9,51.08,46.04,48.56,0.05,0,0,0,1
10/10/2021,2021,10,10,59,46.94,52.97,0,0,0,0,0
10/11/2021,2021,10,11,62.06,41,51.53,0.18,0,0,0,1
10/12/2021,2021,10,12,44.96,33.98,39.47,0.03,0,0,0,1
10/13/2021,2021,10,13,48.92,33.98,41.45,0,0,0,0,0
10/14/2021,2021,10,14,44.06,33.98,39.02,0.22,0,0,0,1
10/15/2021,2021,10,15,55.94,33.08,44.51,0,0,0,0,0
10/16/2021,2021,10,16,60.98,33.98,47.48,0,0,0,0,0
10/17/2021,2021,10,17,71.96,39.02,55.49,0,0,0,0,0
10/18/2021,2021,10,18,62.96,44.06,53.51,0.18,0,0,0,1
10/19/2021,2021,10,19,46.04,37.94,41.99,0.66,0,0,0,1
10/20/2021,2021,10,20,60.98,37.04,49.01,0,0,0,0,0
10/22/2021,2021,10,22,71.06,44.06,57.56,0,0,0,0,0
10/23/2021,2021,10,23,62.06,41,51.53,0.18,0,0,0,1
10/24/2021,2021,10,24,62.96,39.92,51.44,0.01,0,0,0,1
10/25/2021,2021,10,25,68,41,54.5,0.9,0,0,0,1
10/26/2021,2021,10,26,50,37.94,43.97,0.33,0,0,0,1
10/27/2021,2021,10,27,57.92,41,49.46,0,0,0,0,0
10/28/2021,2021,10,28,62.96,44.96,53.96,0,0,0,0,0
10/29/2021,2021,10,29,64.94,41,52.97,0,0,0,0,0
10/30/2021,2021,10,30,64.04,42.08,53.06,0,0,0,0,0
10/31/2021,2021,10,31,66.02,39.02,52.52,0,0,0,0,0
11/1/2021,2021,11,1,62.96,46.04,54.5,0,0,0,0,0
11/2/2021,2021,11,2,57.92,44.06,50.99,0.05,0,0,0,1
11/3/2021,2021,11,3,57.92,39.92,48.92,0,0,0,0,0
11/4/2021,2021,11,4,66.92,39.02,52.97,0,0,0,0,0
11/5/2021,2021,11,5,66.02,41,53.51,0,0,0,0,0
11/6/2021,2021,11,6,66.92,48.02,57.47,0,0,0,0,0
11/7/2021,2021,11,7,53.96,42.08,48.02,0,0,0,0,0
11/8/2021,2021,11,8,50,37.94,43.97,0,0,0,0,0
11/9/2021,2021,11,9,50,37.04,43.52,0.25,0,0,0,1
11/10/2021,2021,11,10,51.98,39.02,45.5,0,0,0,0,0
11/11/2021,2021,11,11,51.08,39.02,45.05,0,0,0,0,0
11/12/2021,2021,11,12,62.06,46.04,54.05,0,0,0,0,0
11/13/2021,2021,11,13,62.96,42.08,52.52,0,0,0,0,0
11/14/2021,2021,11,14,66.02,42.98,54.5,0,0,0,0,0
11/15/2021,2021,11,15,66.02,42.08,54.05,0,0,0,0,0
11/16/2021,2021,11,16,60.98,33.08,47.03,0,0,0,0,0
11/17/2021,2021,11,17,42.08,28.22,35.15,0,0,0,0,0
11/18/2021,2021,11,18,44.96,28.22,36.59,0,0,0,0,0
11/19/2021,2021,11,19,48.02,35.96,41.99,0.03,0,0,0,1
11/20/2021,2021,11,20,48.02,33.98,41,0,0,0,0,0
11/21/2021,2021,11,21,46.94,28.22,37.58,0,0,0,0,0
11/22/2021,2021,11,22,48.02,30.2,39.11,0,0,0,0,0
11/23/2021,2021,11,23,50,28.22,39.11,0,0,0,0,0
11/24/2021,2021,11,24,42.08,30.2,36.14,0,0,0,0,0
11/25/2021,2021,11,25,46.04,26.24,36.14,0,0,0,0,0
11/26/2021,2021,11,26,46.04,27.14,36.59,0,0,0,0,0
11/27/2021,2021,11,27,50,27.14,38.57,0,0,0,0,0
11/28/2021,2021,11,28,53.96,30.2,42.08,0,0,0,0,0
11/29/2021,2021,11,29,55.04,31.1,43.07,0,0,0,0,0
11/30/2021,2021,11,30,50,30.2,40.1,0,0,0,0,0
12/1/2021,2021,12,1,55.04,30.2,42.62,0,0,0,0,0
12/2/2021,2021,12,2,57.02,30.2,43.61,0,0,0,0,0
12/3/2021,2021,12,3,51.98,30.2,41.09,0,0,0,0,0
12/4/2021,2021,12,4,55.94,30.2,43.07,0,0,0,0,0
12/5/2021,2021,12,5,55.04,32,43.52,0,0,0,0,0
12/6/2021,2021,12,6,42.98,29.12,36.05,0,0,0,0,0
12/7/2021,2021,12,7,51.98,33.08,42.53,0,0,0,0,0
12/8/2021,2021,12,8,51.98,32,41.99,0,0,0,0,0
12/9/2021,2021,12,9,46.04,28.22,37.13,0.53,0,0,1.41,1
12/10/2021,2021,12,10,32,25.16,28.58,0.03,0,1.18,0.78,1
12/11/2021,2021,12,11,32,22.1,27.05,0,0,1.18,0,0
12/12/2021,2021,12,12,48.92,32,40.46,0,0,1.18,0,0
12/13/2021,2021,12,13,50,39.02,44.51,0,0,0,0,0
12/14/2021,2021,12,14,55.94,32,43.97,0.44,0,0,4.48,1
12/15/2021,2021,12,15,33.08,21.2,27.14,0.07,0,7.87,4.21,1
12/16/2021,2021,12,16,33.98,28.22,31.1,0,0,7.08,0.11,0
12/17/2021,2021,12,17,37.04,25.16,31.1,0,0,5.9,0,0
12/18/2021,2021,12,18,35.96,20.12,28.04,0,0,3.93,0,0
12/19/2021,2021,12,19,33.98,18.14,26.06,0,0,3.93,0,0
12/20/2021,2021,12,20,39.02,22.1,30.56,0,0,3.14,0,0
12/21/2021,2021,12,21,37.94,22.1,30.02,0,0,3.14,0,0
12/22/2021,2021,12,22,32,14.18,23.09,0,0,3.14,0,0
12/23/2021,2021,12,23,50,28.22,39.11,0.11,0,3.14,0,1
12/24/2021,2021,12,24,46.04,35.06,40.55,0.01,0,0,0,1
12/25/2021,2021,12,25,48.92,35.06,41.99,0,0,0,0,0
12/26/2021,2021,12,26,42.98,29.12,36.05,0.12,0,1.96,1.49,1
12/27/2021,2021,12,27,39.02,22.1,30.56,0.12,0,1.18,2.99,1
12/28/2021,2021,12,28,26.24,19.22,22.73,0.01,0,3.14,0.39,1
12/29/2021,2021,12,29,33.98,16.16,25.07,0,0,1.96,0,0
12/30/2021,2021,12,30,42.98,31.1,37.04,0.14,0,1.96,2,1
1/1/2022,2022,1,1,24.26,9.14,16.7,0,0,3.93,0,0
1/2/2022,2022,1,2,28.22,10.22,19.22,0,0,1.96,0,0
1/3/2022,2022,1,3,41,13.1,27.05,0,0,1.96,0,0
1/4/2022,2022,1,4,41,27.14,34.07,0,0,1.96,0,0
1/5/2022,2022,1,5,42.08,30.2,36.14,0.35,0,1.18,0,1
1/6/2022,2022,1,6,51.08,35.06,43.07,0.03,0,0,0,1
1/7/2022,2022,1,7,57.92,39.92,48.92,0,0,0,0,0
1/8/2022,2022,1,8,44.06,30.2,37.13,0.01,0,0,0,1
1/9/2022,2022,1,9,39.92,25.16,32.54,0,0,0,0,0
1/10/2022,2022,1,10,41,24.26,32.63,0,0,0,0,0
1/11/2022,2022,1,11,41,24.26,32.63,0,0,0,0,0
1/12/2022,2022,1,12,44.96,26.24,35.6,0,0,0,0,0
1/13/2022,2022,1,13,42.98,27.14,35.06,0,0,0,0,0
1/14/2022,2022,1,14,41,27.14,34.07,0,0,0,0,0
1/15/2022,2022,1,15,44.96,25.16,35.06,0,0,0,0,0
1/16/2022,2022,1,16,41,22.1,31.55,0,0,0,0,0
1/17/2022,2022,1,17,37.04,23.18,30.11,0,0,0,0,0
1/18/2022,2022,1,18,39.92,25.16,32.54,0,0,0,0,0
1/19/2022,2022,1,19,35.96,26.24,31.1,0,0,0,0,0
1/20/2022,2022,1,20,39.02,23.18,31.1,0.05,0,0,0.59,1
1/21/2022,2022,1,21,39.92,27.14,33.53,0,0,1.18,0,0
1/22/2022,2022,1,22,35.96,22.1,29.03,0,0,0,0,0
1/23/2022,2022,1,23,37.04,21.2,29.12,0,0,0,0,0
1/24/2022,2022,1,24,42.98,23.18,33.08,0,0,0,0,0
1/25/2022,2022,1,25,39.02,27.14,33.08,0.01,0,0,0.31,1
1/26/2022,2022,1,26,39.02,22.1,30.56,0,0,0,0,0
1/27/2022,2022,1,27,35.06,19.94,27.5,0,0,0,0,0
1/28/2022,2022,1,28,39.02,21.02,30.02,0,0,0,0,0
1/29/2022,2022,1,29,37.94,19.04,28.49,0,0,0,0,0
1/30/2022,2022,1,30,39.02,17.96,28.49,0,0,0,0,0
1/31/2022,2022,1,31,44.96,21.02,32.99,0,0,0,0,0
2/1/2022,2022,2,1,33.08,19.94,26.51,0,0,0,0,0
2/2/2022,2022,2,2,26.06,15.08,20.57,0.07,0,0.98,0.7,1
2/3/2022,2022,2,3,28.94,14,21.47,0,0,0,0,0
2/4/2022,2022,2,4,35.96,17.06,26.51,0,0,0,0,0
2/5/2022,2022,2,5,42.98,19.94,31.46,0,0,0,0,0
2/6/2022,2022,2,6,39.02,21.02,30.02,0,0,0,0,0
2/7/2022,2022,2,7,46.94,24.08,35.51,0,0,0,0,0
2/8/2022,2022,2,8,46.94,24.08,35.51,0,0,0,0,0
2/9/2022,2022,2,9,48.02,28.94,38.48,0,0,0,0,0
2/10/2022,2022,2,10,51.08,28.04,39.56,0,0,0,0,0
2/11/2022,2022,2,11,53.06,30.02,41.54,0,0,0,0,0
2/12/2022,2022,2,12,50,26.06,38.03,0,0,0,0,0
2/13/2022,2022,2,13,55.94,26.96,41.45,0,0,0,0,0
2/14/2022,2022,2,14,60.08,30.02,45.05,0,0,0,0,0
2/15/2022,2022,2,15,51.98,35.96,43.97,0,0,0,0,0
2/16/2022,2022,2,16,35.96,28.04,32,0.05,0,0,0.39,1
2/17/2022,2022,2,17,41,23,32,0,0,0,0,0
2/18/2022,2022,2,18,50,28.04,39.02,0,0,0,0,0
2/19/2022,2022,2,19,55.04,30.02,42.53,0,0,0,0,0
2/20/2022,2022,2,20,57.02,33.08,45.05,0,0,0,0,0
2/21/2022,2022,2,21,41,28.04,34.52,0.01,0,0,0.51,1
2/22/2022,2022,2,22,37.94,23,30.47,0.03,0,0.98,0.9,1
2/23/2022,2022,2,23,28.04,19.94,23.99,0.05,0,2,1.49,1
2/24/2022,2022,2,24,30.02,12.92,21.47,0,0,2,0.31,0
2/25/2022,2022,2,25,30.02,12.02,21.02,0.03,0,0.98,0.98,1
2/26/2022,2022,2,26,35.96,15.98,25.97,0,0,0,0,0
2/27/2022,2022,2,27,41,21.02,31.01,0,0,0,0,0
2/28/2022,2022,2,28,50,21.92,35.96,0,0,0,0,0
3/1/2022,2022,3,1,59,30.02,44.51,0,0,0,0,0
3/2/2022,2022,3,2,64.94,33.98,49.46,0,0,0,0,0
3/3/2022,2022,3,3,71.06,42.08,56.57,0,0,0,0,0
3/4/2022,2022,3,4,60.08,46.04,53.06,0,0,0,0,0
3/5/2022,2022,3,5,51.08,32,41.54,0.75,0,0,3.81,1
3/6/2022,2022,3,6,37.94,24.98,31.46,0.38,0,5.98,4.29,1
3/7/2022,2022,3,7,35.06,19.94,27.5,0,0,5,0,0
3/8/2022,2022,3,8,39.02,28.04,33.53,0.16,0,4.01,0.78,1
3/9/2022,2022,3,9,39.02,26.96,32.99,0.07,0,2.99,0.59,1
3/10/2022,2022,3,10,32,19.94,25.97,0,0,2,0,0
3/11/2022,2022,3,11,44.06,19.94,32,0,0,2,0,0
3/12/2022,2022,3,12,55.04,33.98,44.51,0,0,0.98,0,0
3/13/2022,2022,3,13,51.08,37.94,44.51,0.09,0,0,0,1
3/14/2022,2022,3,14,53.96,33.08,43.52,0,0,0,0,0
3/15/2022,2022,3,15,62.96,35.96,49.46,0.01,0,0,0,1
3/16/2022,2022,3,16,53.06,35.96,44.51,0,0,0,0,0
3/17/2022,2022,3,17,51.98,32,41.99,0,0,0,0,0
3/18/2022,2022,3,18,57.02,35.06,46.04,0,0,0,0,0
3/19/2022,2022,3,19,64.04,42.08,53.06,0,0,0,0,0
3/20/2022,2022,3,20,55.94,33.98,44.96,0.16,0,0,0.19,1
3/21/2022,2022,3,21,46.94,28.94,37.94,0,0,0,0,0
3/22/2022,2022,3,22,53.96,30.92,42.44,0,0,0,0,0
3/23/2022,2022,3,23,60.08,33.98,47.03,0,0,0,0,0
3/24/2022,2022,3,24,69.08,39.92,54.5,0,0,0,0,0
3/25/2022,2022,3,25,78.08,46.04,62.06,0,0,0,0,0
3/26/2022,2022,3,26,78.98,55.04,67.01,0,2.01,0,0,0
3/27/2022,2022,3,27,78.98,55.94,67.46,0,2.46,0,0,0
3/28/2022,2022,3,28,69.08,55.04,62.06,0,0,0,0,0
3/29/2022,2022,3,29,60.98,46.94,53.96,0,0,0,0,0
3/30/2022,2022,3,30,60.98,44.06,52.52,0,0,0,0,0
3/31/2022,2022,3,31,53.06,39.92,46.49,0.01,0,0,0,1
4/1/2022,2022,4,1,57.92,35.06,46.49,0,0,0,0,0
4/2/2022,2022,4,2,66.92,42.08,54.5,0,0,0,0,0
4/3/2022,2022,4,3,62.96,37.94,50.45,0,0,0,0,0
4/4/2022,2022,4,4,62.96,41,51.98,0,0,0,0,0
4/5/2022,2022,4,5,55.94,35.96,45.95,0.09,0,0,0.11,1
